[
  {
    "id": 38,
    "filename": "how-to-apply-in-immiaccount_1760007546941_42550db31b97fe65.webp",
    "originalName": "how-to-apply-in-immiaccount.webp",
    "url": "/api/uploads/how-to-apply-in-immiaccount_1760007546941_42550db31b97fe65.webp",
    "alt": null,
    "width": null,
    "height": null,
    "mimeType": "image/webp",
    "size": 232574,
    "uploadedBy": 1,
    "trashedAt": null,
    "trashedBy": null,
    "trashReason": null,
    "createdAt": "2025-10-09T10:59:09.430Z"
  },
  {
    "id": 37,
    "filename": "open_day_bahawalpur_banner_1760003925713_320036579b2f91de.webp",
    "originalName": "open day bahawalpur banner.webp",
    "url": "/api/uploads/open_day_bahawalpur_banner_1760003925713_320036579b2f91de.webp",
    "alt": null,
    "width": null,
    "height": null,
    "mimeType": "image/webp",
    "size": 193156,
    "uploadedBy": 1,
    "trashedAt": null,
    "trashedBy": null,
    "trashReason": null,
    "createdAt": "2025-10-09T09:58:45.748Z"
  },
  {
    "id": 36,
    "filename": "open_day_bahawalpur_banner_1759988833967_2e9cd4e58cdc1799.webp",
    "originalName": "open day bahawalpur banner.webp",
    "url": "/api/uploads/open_day_bahawalpur_banner_1759988833967_2e9cd4e58cdc1799.webp",
    "alt": null,
    "width": null,
    "height": null,
    "mimeType": "image/webp",
    "size": 193156,
    "uploadedBy": 1,
    "trashedAt": "2025-10-09T09:59:20.737Z",
    "trashedBy": 1,
    "trashReason": "Bulk trash",
    "createdAt": "2025-10-09T05:47:13.988Z"
  },
  {
    "id": 35,
    "filename": "open_day_bahawalpur_banner_1759988749860_8e711be45090dd6f.jpg",
    "originalName": "open day bahawalpur banner.jpg",
    "url": "/api/uploads/open_day_bahawalpur_banner_1759988749860_8e711be45090dd6f.jpg",
    "alt": null,
    "width": null,
    "height": null,
    "mimeType": "image/jpeg",
    "size": 848023,
    "uploadedBy": 1,
    "trashedAt": "2025-10-09T09:59:20.879Z",
    "trashedBy": 1,
    "trashReason": "Bulk trash",
    "createdAt": "2025-10-09T05:45:49.887Z"
  },
  {
    "id": 34,
    "filename": "open_day_bahawalpur_banner_1759988591836_df075cbb95988d1c.jpg",
    "originalName": "open day bahawalpur banner.jpg",
    "url": "/api/uploads/open_day_bahawalpur_banner_1759988591836_df075cbb95988d1c.jpg",
    "alt": null,
    "width": null,
    "height": null,
    "mimeType": "image/jpeg",
    "size": 848023,
    "uploadedBy": 1,
    "trashedAt": "2025-10-09T09:42:01.196Z",
    "trashedBy": 1,
    "trashReason": "Bulk trash",
    "createdAt": "2025-10-09T05:43:13.306Z"
  },
  {
    "id": 33,
    "filename": "open_day_bahawalpur_banner_1759988210801_f3e3bbd0b358eee8.jpg",
    "originalName": "open day bahawalpur banner.jpg",
    "url": "/api/uploads/open_day_bahawalpur_banner_1759988210801_f3e3bbd0b358eee8.jpg",
    "alt": null,
    "width": null,
    "height": null,
    "mimeType": "image/jpeg",
    "size": 848023,
    "uploadedBy": 1,
    "trashedAt": "2025-10-09T09:42:01.104Z",
    "trashedBy": 1,
    "trashReason": "Bulk trash",
    "createdAt": "2025-10-09T05:36:50.826Z"
  },
  {
    "id": 32,
    "filename": "Banner_1_1759905215822_f9cea4450dbc708e.jpg",
    "originalName": "Banner 1.jpg",
    "url": "/api/uploads/Banner_1_1759905215822_f9cea4450dbc708e.jpg",
    "alt": null,
    "width": null,
    "height": null,
    "mimeType": "image/jpeg",
    "size": 920656,
    "uploadedBy": 1,
    "trashedAt": "2025-10-09T09:42:01.180Z",
    "trashedBy": 1,
    "trashReason": "Bulk trash",
    "createdAt": "2025-10-08T06:33:35.849Z"
  },
  {
    "id": 31,
    "filename": "Banner_1_1759904981636_06edf08391b276e0.jpg",
    "originalName": "Banner 1.jpg",
    "url": "/api/uploads/Banner_1_1759904981636_06edf08391b276e0.jpg",
    "alt": null,
    "width": null,
    "height": null,
    "mimeType": "image/jpeg",
    "size": 920656,
    "uploadedBy": 1,
    "trashedAt": null,
    "trashedBy": null,
    "trashReason": null,
    "createdAt": "2025-10-08T06:29:42.721Z"
  },
  {
    "id": 30,
    "filename": "how-to-apply-in-immiaccount_1759747651210_072e901068587754.webp",
    "originalName": "how-to-apply-in-immiaccount.webp",
    "url": "/api/uploads/how-to-apply-in-immiaccount_1759747651210_072e901068587754.webp",
    "alt": null,
    "width": null,
    "height": null,
    "mimeType": "image/webp",
    "size": 232574,
    "uploadedBy": 1,
    "trashedAt": "2025-10-09T09:42:01.111Z",
    "trashedBy": 1,
    "trashReason": "Bulk trash",
    "createdAt": "2025-10-06T10:47:31.230Z"
  },
  {
    "id": 29,
    "filename": "Best-Places-to-visit-in-Bahawalpur-2025_1759742017196_060e28b7644e9c5a.webp",
    "originalName": "Best-Places-to-visit-in-Bahawalpur-2025.webp",
    "url": "/api/uploads/Best-Places-to-visit-in-Bahawalpur-2025_1759742017196_060e28b7644e9c5a.webp",
    "alt": null,
    "width": null,
    "height": null,
    "mimeType": "image/webp",
    "size": 434302,
    "uploadedBy": 1,
    "trashedAt": null,
    "trashedBy": null,
    "trashReason": null,
    "createdAt": "2025-10-06T09:13:39.352Z"
  },
  {
    "id": 28,
    "filename": "Best-Places-to-visit-in-Bahawalpur-2025_1759506734476_3bceffc39a498529.webp",
    "originalName": "Best-Places-to-visit-in-Bahawalpur-2025.webp",
    "url": "/api/uploads/Best-Places-to-visit-in-Bahawalpur-2025_1759506734476_3bceffc39a498529.webp",
    "alt": null,
    "width": null,
    "height": null,
    "mimeType": "image/webp",
    "size": 434302,
    "uploadedBy": 1,
    "trashedAt": "2025-10-06T10:41:01.663Z",
    "trashedBy": 1,
    "trashReason": null,
    "createdAt": "2025-10-03T15:52:14.498Z"
  },
  {
    "id": 27,
    "filename": "Best-Places-to-visit-in-Bahawalpur-2025_1759506364034_e4e5abf1c937ce8e.webp",
    "originalName": "Best-Places-to-visit-in-Bahawalpur-2025.webp",
    "url": "/api/uploads/Best-Places-to-visit-in-Bahawalpur-2025_1759506364034_e4e5abf1c937ce8e.webp",
    "alt": null,
    "width": null,
    "height": null,
    "mimeType": "image/webp",
    "size": 434302,
    "uploadedBy": 1,
    "trashedAt": "2025-10-06T10:40:59.028Z",
    "trashedBy": 1,
    "trashReason": null,
    "createdAt": "2025-10-03T15:46:04.064Z"
  },
  {
    "id": 26,
    "filename": "usa-student-visa-consultants-in-pakistan-ds-160-se_1758180722922_53b3f0d7240cb5bd.webp",
    "originalName": "usa-student-visa-consultants-in-pakistan-ds-160-se.webp",
    "url": "/api/uploads/usa-student-visa-consultants-in-pakistan-ds-160-se_1758180722922_53b3f0d7240cb5bd.webp",
    "alt": null,
    "width": null,
    "height": null,
    "mimeType": "image/webp",
    "size": 168456,
    "uploadedBy": 1,
    "trashedAt": null,
    "trashedBy": null,
    "trashReason": null,
    "createdAt": "2025-09-29T12:14:14.367Z"
  },
  {
    "id": 25,
    "filename": "usa-student-visa-consultants-in-pakistan-ds-160-se_17581807229.webp",
    "originalName": "usa-student-visa-consultants-in-pakistan-ds-160-se_17581807229.webp",
    "url": "/api/uploads/usa-student-visa-consultants-in-pakistan-ds-160-se_17581807229.webp",
    "alt": null,
    "width": null,
    "height": null,
    "mimeType": "image/webp",
    "size": 168456,
    "uploadedBy": 1,
    "trashedAt": null,
    "trashedBy": null,
    "trashReason": null,
    "createdAt": "2025-09-29T12:14:14.220Z"
  },
  {
    "id": 24,
    "filename": "uk-student-visa-success-rate-for-pakistani-student_1758609000206_a07929287d1dc033.webp",
    "originalName": "uk-student-visa-success-rate-for-pakistani-student.webp",
    "url": "/api/uploads/uk-student-visa-success-rate-for-pakistani-student_1758609000206_a07929287d1dc033.webp",
    "alt": null,
    "width": null,
    "height": null,
    "mimeType": "image/webp",
    "size": 151876,
    "uploadedBy": 1,
    "trashedAt": null,
    "trashedBy": null,
    "trashReason": null,
    "createdAt": "2025-09-29T12:14:14.065Z"
  },
  {
    "id": 23,
    "filename": "study-abroad-with-work-opportunities-uk-canada-aus_1758611943189_e586e2d4b13e859a.webp",
    "originalName": "study-abroad-with-work-opportunities-uk-canada-aus.webp",
    "url": "/api/uploads/study-abroad-with-work-opportunities-uk-canada-aus_1758611943189_e586e2d4b13e859a.webp",
    "alt": null,
    "width": null,
    "height": null,
    "mimeType": "image/webp",
    "size": 110220,
    "uploadedBy": 1,
    "trashedAt": null,
    "trashedBy": null,
    "trashReason": null,
    "createdAt": "2025-09-29T12:14:13.917Z"
  },
  {
    "id": 22,
    "filename": "study-abroad-consultants-in-sargodha-dunya-consult_1758293457831_f420f705137dbcb2.webp",
    "originalName": "study-abroad-consultants-in-sargodha-dunya-consult.webp",
    "url": "/api/uploads/study-abroad-consultants-in-sargodha-dunya-consult_1758293457831_f420f705137dbcb2.webp",
    "alt": null,
    "width": null,
    "height": null,
    "mimeType": "image/webp",
    "size": 125354,
    "uploadedBy": 1,
    "trashedAt": null,
    "trashedBy": null,
    "trashReason": null,
    "createdAt": "2025-09-29T12:14:13.770Z"
  },
  {
    "id": 21,
    "filename": "student-visa-refusal-reasons-in-pakistan-and-how-t_1758890608226_d6e8f6ffdd305c45.webp",
    "originalName": "student-visa-refusal-reasons-in-pakistan-and-how-t.webp",
    "url": "/api/uploads/student-visa-refusal-reasons-in-pakistan-and-how-t_1758890608226_d6e8f6ffdd305c45.webp",
    "alt": null,
    "width": null,
    "height": null,
    "mimeType": "image/webp",
    "size": 126822,
    "uploadedBy": 1,
    "trashedAt": null,
    "trashedBy": null,
    "trashReason": null,
    "createdAt": "2025-09-29T12:14:13.619Z"
  },
  {
    "id": 20,
    "filename": "student-visa-consultants-in-islamabad-dunya-consul_1758542932202_f20b6568b3914cb9.webp",
    "originalName": "student-visa-consultants-in-islamabad-dunya-consul.webp",
    "url": "/api/uploads/student-visa-consultants-in-islamabad-dunya-consul_1758542932202_f20b6568b3914cb9.webp",
    "alt": null,
    "width": null,
    "height": null,
    "mimeType": "image/webp",
    "size": 135512,
    "uploadedBy": 1,
    "trashedAt": null,
    "trashedBy": null,
    "trashReason": null,
    "createdAt": "2025-09-29T12:14:13.471Z"
  },
  {
    "id": 19,
    "filename": "sop-for-study-abroad-templates-and-examples-for-pa_1758352080358_8ae96329ea5dabfb.webp",
    "originalName": "sop-for-study-abroad-templates-and-examples-for-pa.webp",
    "url": "/api/uploads/sop-for-study-abroad-templates-and-examples-for-pa_1758352080358_8ae96329ea5dabfb.webp",
    "alt": null,
    "width": null,
    "height": null,
    "mimeType": "image/webp",
    "size": 36470,
    "uploadedBy": 1,
    "trashedAt": null,
    "trashedBy": null,
    "trashReason": null,
    "createdAt": "2025-09-29T12:14:13.248Z"
  },
  {
    "id": 18,
    "filename": "professional_modern_afe2de24_1758183768800_87e0b43900826c39.jpg",
    "originalName": "professional_modern_afe2de24.jpg",
    "url": "/api/uploads/professional_modern_afe2de24_1758183768800_87e0b43900826c39.jpg",
    "alt": null,
    "width": null,
    "height": null,
    "mimeType": "image/jpeg",
    "size": 249517,
    "uploadedBy": 1,
    "trashedAt": null,
    "trashedBy": null,
    "trashReason": null,
    "createdAt": "2025-09-29T12:14:13.093Z"
  },
  {
    "id": 17,
    "filename": "how-to-choose-a-study-abroad-consultant-in-pakista_1758789878112_e9c4733a90c1d191.webp",
    "originalName": "how-to-choose-a-study-abroad-consultant-in-pakista.webp",
    "url": "/api/uploads/how-to-choose-a-study-abroad-consultant-in-pakista_1758789878112_e9c4733a90c1d191.webp",
    "alt": null,
    "width": null,
    "height": null,
    "mimeType": "image/webp",
    "size": 111734,
    "uploadedBy": 1,
    "trashedAt": null,
    "trashedBy": null,
    "trashReason": null,
    "createdAt": "2025-09-29T12:14:12.942Z"
  },
  {
    "id": 16,
    "filename": "how-to-choose-a-study-abroad-consultant-in-pakista_1758524398104_0058934411a1c158.webp",
    "originalName": "how-to-choose-a-study-abroad-consultant-in-pakista.webp",
    "url": "/api/uploads/how-to-choose-a-study-abroad-consultant-in-pakista_1758524398104_0058934411a1c158.webp",
    "alt": null,
    "width": null,
    "height": null,
    "mimeType": "image/webp",
    "size": 111734,
    "uploadedBy": 1,
    "trashedAt": "2025-10-10T05:35:33.798Z",
    "trashedBy": 1,
    "trashReason": "Bulk trash",
    "createdAt": "2025-09-29T12:14:12.794Z"
  },
  {
    "id": 15,
    "filename": "gre-test-fee-in-pakistan_1758608920426_c6724099f6066f7e.webp",
    "originalName": "gre-test-fee-in-pakistan.webp",
    "url": "/api/uploads/gre-test-fee-in-pakistan_1758608920426_c6724099f6066f7e.webp",
    "alt": null,
    "width": null,
    "height": null,
    "mimeType": "image/webp",
    "size": 93290,
    "uploadedBy": 1,
    "trashedAt": null,
    "trashedBy": null,
    "trashReason": null,
    "createdAt": "2025-09-29T12:14:12.641Z"
  },
  {
    "id": 14,
    "filename": "germany-study-visa-from-pakistan-public-universiti_1758113949217_e1e24b14e14d7164.webp",
    "originalName": "germany-study-visa-from-pakistan-public-universiti.webp",
    "url": "/api/uploads/germany-study-visa-from-pakistan-public-universiti_1758113949217_e1e24b14e14d7164.webp",
    "alt": null,
    "width": null,
    "height": null,
    "mimeType": "image/webp",
    "size": 129182,
    "uploadedBy": 1,
    "trashedAt": null,
    "trashedBy": null,
    "trashReason": null,
    "createdAt": "2025-09-29T12:14:12.491Z"
  },
  {
    "id": 13,
    "filename": "germany-study-visa-from-pakistan-public-universiti_17581139492.webp",
    "originalName": "germany-study-visa-from-pakistan-public-universiti_17581139492.webp",
    "url": "/api/uploads/germany-study-visa-from-pakistan-public-universiti_17581139492.webp",
    "alt": null,
    "width": null,
    "height": null,
    "mimeType": "image/webp",
    "size": 129182,
    "uploadedBy": 1,
    "trashedAt": null,
    "trashedBy": null,
    "trashReason": null,
    "createdAt": "2025-09-29T12:14:12.334Z"
  },
  {
    "id": 12,
    "filename": "canada-student-visa-consultants-in-pakistan-intake_1758027046079_2b1316818da39ade.webp",
    "originalName": "canada-student-visa-consultants-in-pakistan-intake.webp",
    "url": "/api/uploads/canada-student-visa-consultants-in-pakistan-intake_1758027046079_2b1316818da39ade.webp",
    "alt": null,
    "width": null,
    "height": null,
    "mimeType": "image/webp",
    "size": 117836,
    "uploadedBy": 1,
    "trashedAt": null,
    "trashedBy": null,
    "trashReason": null,
    "createdAt": "2025-09-29T12:14:12.179Z"
  },
  {
    "id": 11,
    "filename": "canada-student-visa-consultants-in-pakistan-intake_1758022117700_c196bf97cd56945c.webp",
    "originalName": "canada-student-visa-consultants-in-pakistan-intake.webp",
    "url": "/api/uploads/canada-student-visa-consultants-in-pakistan-intake_1758022117700_c196bf97cd56945c.webp",
    "alt": null,
    "width": null,
    "height": null,
    "mimeType": "image/webp",
    "size": 117836,
    "uploadedBy": 1,
    "trashedAt": "2025-10-10T05:35:33.811Z",
    "trashedBy": 1,
    "trashReason": "Bulk trash",
    "createdAt": "2025-09-29T12:14:11.950Z"
  },
  {
    "id": 10,
    "filename": "best-study-abroad-countries-for-international-stud_1758883380111_8e5e726d234e753c.webp",
    "originalName": "best-study-abroad-countries-for-international-stud.webp",
    "url": "/api/uploads/best-study-abroad-countries-for-international-stud_1758883380111_8e5e726d234e753c.webp",
    "alt": null,
    "width": null,
    "height": null,
    "mimeType": "image/webp",
    "size": 202582,
    "uploadedBy": 1,
    "trashedAt": null,
    "trashedBy": null,
    "trashReason": null,
    "createdAt": "2025-09-29T12:14:11.795Z"
  },
  {
    "id": 9,
    "filename": "australia-student-visa-requirements-for-pakistanis_1758103834873_93c85ddc6d35306a.webp",
    "originalName": "australia-student-visa-requirements-for-pakistanis.webp",
    "url": "/api/uploads/australia-student-visa-requirements-for-pakistanis_1758103834873_93c85ddc6d35306a.webp",
    "alt": null,
    "width": null,
    "height": null,
    "mimeType": "image/webp",
    "size": 198508,
    "uploadedBy": 1,
    "trashedAt": null,
    "trashedBy": null,
    "trashReason": null,
    "createdAt": "2025-09-29T12:14:11.646Z"
  },
  {
    "id": 8,
    "filename": "australia-student-visa-requirements-for-pakistanis_17581038348.webp",
    "originalName": "australia-student-visa-requirements-for-pakistanis_17581038348.webp",
    "url": "/api/uploads/australia-student-visa-requirements-for-pakistanis_17581038348.webp",
    "alt": null,
    "width": null,
    "height": null,
    "mimeType": "image/webp",
    "size": 198508,
    "uploadedBy": 1,
    "trashedAt": "2025-10-10T05:35:33.802Z",
    "trashedBy": 1,
    "trashReason": "Bulk trash",
    "createdAt": "2025-09-29T12:14:11.490Z"
  },
  {
    "id": 7,
    "filename": "australia-student-visa-requirements-for-pakistanis_1758094269685_83991d8958bca003.webp",
    "originalName": "australia-student-visa-requirements-for-pakistanis.webp",
    "url": "/api/uploads/australia-student-visa-requirements-for-pakistanis_1758094269685_83991d8958bca003.webp",
    "alt": null,
    "width": null,
    "height": null,
    "mimeType": "image/webp",
    "size": 198508,
    "uploadedBy": 1,
    "trashedAt": "2025-10-10T05:35:34.337Z",
    "trashedBy": 1,
    "trashReason": "Bulk trash",
    "createdAt": "2025-09-29T12:14:11.333Z"
  },
  {
    "id": 6,
    "filename": "australia-student-visa-requirements-for-pakistanis_1758093944871_81b978b2fb413c2f.webp",
    "originalName": "australia-student-visa-requirements-for-pakistanis.webp",
    "url": "/api/uploads/australia-student-visa-requirements-for-pakistanis_1758093944871_81b978b2fb413c2f.webp",
    "alt": null,
    "width": null,
    "height": null,
    "mimeType": "image/webp",
    "size": 198508,
    "uploadedBy": 1,
    "trashedAt": "2025-10-10T05:35:34.364Z",
    "trashedBy": 1,
    "trashReason": "Bulk trash",
    "createdAt": "2025-09-29T12:14:11.173Z"
  },
  {
    "id": 5,
    "filename": "australia-student-visa-requirements-for-pakistanis_1758093689741_aa3cc450f654c858.webp",
    "originalName": "australia-student-visa-requirements-for-pakistanis.webp",
    "url": "/api/uploads/australia-student-visa-requirements-for-pakistanis_1758093689741_aa3cc450f654c858.webp",
    "alt": null,
    "width": null,
    "height": null,
    "mimeType": "image/webp",
    "size": 198508,
    "uploadedBy": 1,
    "trashedAt": "2025-10-10T05:35:33.808Z",
    "trashedBy": 1,
    "trashReason": "Bulk trash",
    "createdAt": "2025-09-29T12:14:11.017Z"
  },
  {
    "id": 4,
    "filename": "a-complete-guide-to-turkiye-burslari-scholarship_1758609128866_388bb28f38fb5a70.webp",
    "originalName": "a-complete-guide-to-turkiye-burslari-scholarship.webp",
    "url": "/api/uploads/a-complete-guide-to-turkiye-burslari-scholarship_1758609128866_388bb28f38fb5a70.webp",
    "alt": null,
    "width": null,
    "height": null,
    "mimeType": "image/webp",
    "size": 129928,
    "uploadedBy": 1,
    "trashedAt": null,
    "trashedBy": null,
    "trashReason": null,
    "createdAt": "2025-09-29T12:14:10.862Z"
  },
  {
    "id": 3,
    "filename": "GRE-Test-Fee-in-Pakistan-1753269674968.webp",
    "originalName": "GRE-Test-Fee-in-Pakistan-1753269674968.webp",
    "url": "/api/uploads/GRE-Test-Fee-in-Pakistan-1753269674968.webp",
    "alt": null,
    "width": null,
    "height": null,
    "mimeType": "image/webp",
    "size": 163348,
    "uploadedBy": 1,
    "trashedAt": "2025-10-10T05:35:33.815Z",
    "trashedBy": 1,
    "trashReason": "Bulk trash",
    "createdAt": "2025-09-29T12:14:10.705Z"
  },
  {
    "id": 2,
    "filename": "GRE-Test-Fee-in-Pakistan-1753269665795.webp",
    "originalName": "GRE-Test-Fee-in-Pakistan-1753269665795.webp",
    "url": "/api/uploads/GRE-Test-Fee-in-Pakistan-1753269665795.webp",
    "alt": null,
    "width": null,
    "height": null,
    "mimeType": "image/webp",
    "size": 163348,
    "uploadedBy": 1,
    "trashedAt": "2025-10-10T05:35:33.633Z",
    "trashedBy": 1,
    "trashReason": "Bulk trash",
    "createdAt": "2025-09-29T12:14:10.552Z"
  },
  {
    "id": 1,
    "filename": "sop-for-study-abroad-templates-and-examples-for-pa_1759144579453_199405b8993a10eb.webp",
    "originalName": "sop-for-study-abroad-templates-and-examples-for-pakistani-students.webp",
    "url": "/api/uploads/sop-for-study-abroad-templates-and-examples-for-pa_1759144579453_199405b8993a10eb.webp",
    "alt": null,
    "width": null,
    "height": null,
    "mimeType": "image/webp",
    "size": 36470,
    "uploadedBy": 1,
    "trashedAt": "2025-10-10T05:35:34.185Z",
    "trashedBy": 1,
    "trashReason": "Bulk trash",
    "createdAt": "2025-09-29T11:16:19.491Z"
  }
]