[
  {
    "id": 60,
    "fullName": "Asma Rafiq",
    "name": null,
    "email": "asmarafiqibex1@gmail.com",
    "whatsappNumber": "+923048517174",
    "phone": null,
    "city": "Bahawalpur",
    "dateOfBirth": null,
    "hasLanguageTest": "no",
    "testType": "",
    "otherTestName": "",
    "testScore": "",
    "educationLevel": "bachelors",
    "degreeGrade": "3.42",
    "fieldOfStudy": null,
    "preferredCountry": null,
    "interestedCountries": [
      "Turkey",
      "Other",
      "Finland"
    ],
    "preferredIntake": null,
    "budget": null,
    "englishTest": null,
    "workExperience": null,
    "additionalInfo": null,
    "message": "",
    "documents": null,
    "status": "pending",
    "source": "Bahawalpur Office",
    "assignedTo": null,
    "audioUrl": null,
    "createdAt": "2025-11-06T10:04:25.524Z"
  },
  {
    "id": 59,
    "fullName": "kok",
    "name": null,
    "email": "tbc@gmail.com",
    "whatsappNumber": "+920909090909",
    "phone": null,
    "city": "hui",
    "dateOfBirth": null,
    "hasLanguageTest": "no",
    "testType": "",
    "otherTestName": "",
    "testScore": "",
    "educationLevel": "intermediate",
    "degreeGrade": "49",
    "fieldOfStudy": null,
    "preferredCountry": null,
    "interestedCountries": [
      "Dubai"
    ],
    "preferredIntake": null,
    "budget": null,
    "englishTest": null,
    "workExperience": null,
    "additionalInfo": null,
    "message": "",
    "documents": null,
    "status": "not_interested",
    "source": "website",
    "assignedTo": null,
    "audioUrl": null,
    "createdAt": "2025-11-05T10:06:07.607Z"
  },
  {
    "id": 58,
    "fullName": "Muhammad Ahmad",
    "name": null,
    "email": "ahmadkhan1ak23@gmail.com",
    "whatsappNumber": "+923278555355",
    "phone": null,
    "city": "Swabi Kpk",
    "dateOfBirth": null,
    "hasLanguageTest": "yes",
    "testType": "pte",
    "otherTestName": "",
    "testScore": "54",
    "educationLevel": "bachelors",
    "degreeGrade": "2.86 ",
    "fieldOfStudy": null,
    "preferredCountry": null,
    "interestedCountries": [
      "Turkey"
    ],
    "preferredIntake": null,
    "budget": null,
    "englishTest": null,
    "workExperience": null,
    "additionalInfo": null,
    "message": "",
    "documents": null,
    "status": "pending",
    "source": "Homepage",
    "assignedTo": null,
    "audioUrl": null,
    "createdAt": "2025-11-03T13:16:05.506Z"
  },
  {
    "id": 57,
    "fullName": "Fahad Imran",
    "name": null,
    "email": "fahadimran0009@gmail.com",
    "whatsappNumber": "+923471727783",
    "phone": null,
    "city": "Fateh pur",
    "dateOfBirth": null,
    "hasLanguageTest": "no",
    "testType": "",
    "otherTestName": "",
    "testScore": "",
    "educationLevel": "bachelors",
    "degreeGrade": "62%",
    "fieldOfStudy": null,
    "preferredCountry": null,
    "interestedCountries": [
      "Cyprus",
      "Sweden",
      "Ireland",
      "Finland",
      "Belgium",
      "Germany"
    ],
    "preferredIntake": null,
    "budget": null,
    "englishTest": null,
    "workExperience": null,
    "additionalInfo": null,
    "message": "I want to study in European countries in which English language are spoken…",
    "documents": null,
    "status": "pending",
    "source": "Gujrat Office",
    "assignedTo": null,
    "audioUrl": null,
    "createdAt": "2025-11-01T20:11:36.947Z"
  },
  {
    "id": 56,
    "fullName": "Mehmood hafeez ",
    "name": null,
    "email": "hammadforex24@gmail.com",
    "whatsappNumber": "+9203431831023",
    "phone": null,
    "city": "Gujrat ",
    "dateOfBirth": null,
    "hasLanguageTest": "yes",
    "testType": "pte",
    "otherTestName": "",
    "testScore": "Overall 58 not Less than 52 ",
    "educationLevel": "bachelors",
    "degreeGrade": "62",
    "fieldOfStudy": null,
    "preferredCountry": null,
    "interestedCountries": [
      "United Kingdom",
      "Australia"
    ],
    "preferredIntake": null,
    "budget": null,
    "englishTest": null,
    "workExperience": null,
    "additionalInfo": null,
    "message": "",
    "documents": null,
    "status": "pending",
    "source": "Homepage",
    "assignedTo": null,
    "audioUrl": null,
    "createdAt": "2025-11-01T18:08:54.754Z"
  },
  {
    "id": 55,
    "fullName": "Bilal Ahmed",
    "name": null,
    "email": "bilal.ahmed0488@gmail.com",
    "whatsappNumber": "+923475688993",
    "phone": null,
    "city": "Sarai Alamgir",
    "dateOfBirth": null,
    "hasLanguageTest": "yes",
    "testType": "duolingo",
    "otherTestName": "",
    "testScore": "110",
    "educationLevel": "bachelors",
    "degreeGrade": "2.96",
    "fieldOfStudy": null,
    "preferredCountry": null,
    "interestedCountries": [
      "Finland",
      "Sweden",
      "Denmark",
      "Germany",
      "Belgium",
      "United States"
    ],
    "preferredIntake": null,
    "budget": null,
    "englishTest": null,
    "workExperience": null,
    "additionalInfo": null,
    "message": "",
    "documents": null,
    "status": "pending",
    "source": "Jhelum Office",
    "assignedTo": null,
    "audioUrl": null,
    "createdAt": "2025-11-01T10:37:20.235Z"
  },
  {
    "id": 52,
    "fullName": "Gull Sheir Meer",
    "name": null,
    "email": "gullsheirmeer@gmail.com",
    "whatsappNumber": "+923350660651",
    "phone": null,
    "city": "Gujrat",
    "dateOfBirth": null,
    "hasLanguageTest": "yes",
    "testType": "ielts",
    "otherTestName": "",
    "testScore": "6.5",
    "educationLevel": "masters",
    "degreeGrade": "Percentage 57.75",
    "fieldOfStudy": null,
    "preferredCountry": null,
    "interestedCountries": [
      "Sweden"
    ],
    "preferredIntake": null,
    "budget": null,
    "englishTest": null,
    "workExperience": null,
    "additionalInfo": null,
    "message": "",
    "documents": null,
    "status": "pending",
    "source": "Gujrat Office",
    "assignedTo": null,
    "audioUrl": null,
    "createdAt": "2025-10-31T06:10:33.675Z"
  },
  {
    "id": 46,
    "fullName": "Bilal Ahmad",
    "name": null,
    "email": "bilalahmad02020@gmail.com",
    "whatsappNumber": "+923156429839",
    "phone": null,
    "city": "Lahore",
    "dateOfBirth": null,
    "hasLanguageTest": "no",
    "testType": "",
    "otherTestName": "",
    "testScore": "",
    "educationLevel": "bachelors",
    "degreeGrade": "3.14",
    "fieldOfStudy": null,
    "preferredCountry": null,
    "interestedCountries": [
      "Sweden",
      "Germany",
      "Ireland"
    ],
    "preferredIntake": null,
    "budget": null,
    "englishTest": null,
    "workExperience": null,
    "additionalInfo": null,
    "message": "Information about admission process and fee ",
    "documents": null,
    "status": "pending",
    "source": "website",
    "assignedTo": null,
    "audioUrl": null,
    "createdAt": "2025-10-30T09:12:51.824Z"
  },
  {
    "id": 45,
    "fullName": "Amir sohail ",
    "name": null,
    "email": "amirsohail7246@gmail.com",
    "whatsappNumber": "+923207246880",
    "phone": null,
    "city": "Sialkot ",
    "dateOfBirth": null,
    "hasLanguageTest": "no",
    "testType": "",
    "otherTestName": "",
    "testScore": "",
    "educationLevel": "masters",
    "degreeGrade": "2.6",
    "fieldOfStudy": null,
    "preferredCountry": null,
    "interestedCountries": [
      "Germany",
      "Sweden",
      "Ireland"
    ],
    "preferredIntake": null,
    "budget": null,
    "englishTest": null,
    "workExperience": null,
    "additionalInfo": null,
    "message": "",
    "documents": null,
    "status": "pending",
    "source": "website",
    "assignedTo": null,
    "audioUrl": null,
    "createdAt": "2025-10-28T19:24:37.990Z"
  },
  {
    "id": 44,
    "fullName": "Umer Farooq",
    "name": null,
    "email": "solikatir@gmail.com",
    "whatsappNumber": "+923456787656",
    "phone": null,
    "city": "Sargodha",
    "dateOfBirth": null,
    "hasLanguageTest": "no",
    "testType": "",
    "otherTestName": "",
    "testScore": "",
    "educationLevel": "intermediate",
    "degreeGrade": "3.44",
    "fieldOfStudy": null,
    "preferredCountry": null,
    "interestedCountries": [
      "Germany"
    ],
    "preferredIntake": null,
    "budget": null,
    "englishTest": null,
    "workExperience": null,
    "additionalInfo": null,
    "message": "",
    "documents": null,
    "status": "pending",
    "source": "website",
    "assignedTo": null,
    "audioUrl": null,
    "createdAt": "2025-10-28T11:29:55.378Z"
  },
  {
    "id": 43,
    "fullName": "ahmad ",
    "name": null,
    "email": "m9082811@gmail.com",
    "whatsappNumber": "+923066512713",
    "phone": null,
    "city": "Sargodha",
    "dateOfBirth": null,
    "hasLanguageTest": "no",
    "testType": "",
    "otherTestName": "",
    "testScore": "",
    "educationLevel": "bachelors",
    "degreeGrade": "3.44",
    "fieldOfStudy": null,
    "preferredCountry": null,
    "interestedCountries": [
      "Turkey"
    ],
    "preferredIntake": null,
    "budget": null,
    "englishTest": null,
    "workExperience": null,
    "additionalInfo": null,
    "message": "apply",
    "documents": null,
    "status": "pending",
    "source": "website",
    "assignedTo": null,
    "audioUrl": null,
    "createdAt": "2025-10-28T05:55:57.625Z"
  },
  {
    "id": 41,
    "fullName": "Faizan Ali",
    "name": null,
    "email": "fch696171@gmail.com",
    "whatsappNumber": "+923036306263",
    "phone": null,
    "city": "Multan",
    "dateOfBirth": null,
    "hasLanguageTest": "no",
    "testType": "",
    "otherTestName": "",
    "testScore": "",
    "educationLevel": "intermediate",
    "degreeGrade": "2a 1 b",
    "fieldOfStudy": null,
    "preferredCountry": null,
    "interestedCountries": [
      "United Kingdom",
      "United States",
      "Finland"
    ],
    "preferredIntake": null,
    "budget": null,
    "englishTest": null,
    "workExperience": null,
    "additionalInfo": null,
    "message": "",
    "documents": null,
    "status": "pending",
    "source": "website",
    "assignedTo": null,
    "audioUrl": null,
    "createdAt": "2025-10-23T13:16:59.642Z"
  },
  {
    "id": 39,
    "fullName": "irfan Mr",
    "name": null,
    "email": "dev.irfankhan.pk@outlook.com",
    "whatsappNumber": "+923338988377",
    "phone": null,
    "city": "Mardan",
    "dateOfBirth": null,
    "hasLanguageTest": "no",
    "testType": "",
    "otherTestName": "",
    "testScore": "",
    "educationLevel": "masters",
    "degreeGrade": "3.14",
    "fieldOfStudy": null,
    "preferredCountry": null,
    "interestedCountries": [
      "Turkey",
      "Cyprus"
    ],
    "preferredIntake": null,
    "budget": null,
    "englishTest": null,
    "workExperience": null,
    "additionalInfo": null,
    "message": "hi, i have provided my contact no, i watched your videos on youtube, please contact me, so i can guide you further, thanks",
    "documents": null,
    "status": "pending",
    "source": "website",
    "assignedTo": null,
    "audioUrl": null,
    "createdAt": "2025-10-22T06:41:27.364Z"
  },
  {
    "id": 38,
    "fullName": "Ali Raza",
    "name": null,
    "email": "abdulmajeed9145@gmail.com",
    "whatsappNumber": "+923313144544",
    "phone": null,
    "city": "Gujrat",
    "dateOfBirth": null,
    "hasLanguageTest": "no",
    "testType": "",
    "otherTestName": "",
    "testScore": "",
    "educationLevel": "bachelors",
    "degreeGrade": "ABCD",
    "fieldOfStudy": null,
    "preferredCountry": null,
    "interestedCountries": [
      "Sweden"
    ],
    "preferredIntake": null,
    "budget": null,
    "englishTest": null,
    "workExperience": null,
    "additionalInfo": null,
    "message": "",
    "documents": null,
    "status": "pending",
    "source": "website",
    "assignedTo": null,
    "audioUrl": null,
    "createdAt": "2025-10-22T06:33:26.616Z"
  },
  {
    "id": 37,
    "fullName": "Bilal Saleem",
    "name": null,
    "email": "muhammadbilalsaleemmalik@gmail.com",
    "whatsappNumber": "+923454801844",
    "phone": null,
    "city": "KHUSHAB, SARGODHA",
    "dateOfBirth": null,
    "hasLanguageTest": "yes",
    "testType": "duolingo",
    "otherTestName": "",
    "testScore": "100",
    "educationLevel": "bachelors",
    "degreeGrade": "3.01",
    "fieldOfStudy": null,
    "preferredCountry": null,
    "interestedCountries": [
      "United States",
      "Other",
      "Finland"
    ],
    "preferredIntake": null,
    "budget": null,
    "englishTest": null,
    "workExperience": null,
    "additionalInfo": null,
    "message": "italy, Austria, France",
    "documents": null,
    "status": "pending",
    "source": "website",
    "assignedTo": null,
    "audioUrl": null,
    "createdAt": "2025-10-20T18:17:15.712Z"
  },
  {
    "id": 34,
    "fullName": "Ameer Hamza",
    "name": null,
    "email": "shkameerhamza1984@gmail.com",
    "whatsappNumber": "+923401249501",
    "phone": null,
    "city": "Bahawalpur ",
    "dateOfBirth": null,
    "hasLanguageTest": "no",
    "testType": "",
    "otherTestName": "",
    "testScore": "",
    "educationLevel": "bachelors",
    "degreeGrade": "3.22",
    "fieldOfStudy": null,
    "preferredCountry": null,
    "interestedCountries": [
      "Denmark",
      "Other"
    ],
    "preferredIntake": null,
    "budget": null,
    "englishTest": null,
    "workExperience": null,
    "additionalInfo": null,
    "message": "I am interested for applying to masters programs in Denmark and France.",
    "documents": null,
    "status": "pending",
    "source": "website",
    "assignedTo": null,
    "audioUrl": null,
    "createdAt": "2025-10-16T12:39:25.279Z"
  },
  {
    "id": 33,
    "fullName": "Muhammad Nabeel shakeel",
    "name": null,
    "email": "nabeelchoudary33@gmail.com",
    "whatsappNumber": "+9203480188351",
    "phone": null,
    "city": "Sialkot ",
    "dateOfBirth": null,
    "hasLanguageTest": "no",
    "testType": "",
    "otherTestName": "",
    "testScore": "",
    "educationLevel": "bachelors",
    "degreeGrade": "3.4",
    "fieldOfStudy": null,
    "preferredCountry": null,
    "interestedCountries": [
      "Australia"
    ],
    "preferredIntake": null,
    "budget": null,
    "englishTest": null,
    "workExperience": null,
    "additionalInfo": null,
    "message": "",
    "documents": null,
    "status": "pending",
    "source": "website",
    "assignedTo": null,
    "audioUrl": null,
    "createdAt": "2025-10-15T10:14:01.330Z"
  },
  {
    "id": 32,
    "fullName": "Muhammad Asad",
    "name": null,
    "email": "asad6458242@gmail.com",
    "whatsappNumber": "+923466458221",
    "phone": null,
    "city": "Mandi Baha uddin ",
    "dateOfBirth": null,
    "hasLanguageTest": "no",
    "testType": "",
    "otherTestName": "",
    "testScore": "",
    "educationLevel": "phd",
    "degreeGrade": "3.93",
    "fieldOfStudy": null,
    "preferredCountry": null,
    "interestedCountries": [
      "Finland"
    ],
    "preferredIntake": null,
    "budget": null,
    "englishTest": null,
    "workExperience": null,
    "additionalInfo": null,
    "message": "",
    "documents": null,
    "status": "contacted",
    "source": "website",
    "assignedTo": null,
    "audioUrl": null,
    "createdAt": "2025-10-14T15:18:40.246Z"
  },
  {
    "id": 31,
    "fullName": "Hamza Javed",
    "name": null,
    "email": "ihamzajaved00@gmail.com",
    "whatsappNumber": "+923156948786",
    "phone": null,
    "city": "Jeddah",
    "dateOfBirth": null,
    "hasLanguageTest": "no",
    "testType": "",
    "otherTestName": "",
    "testScore": "",
    "educationLevel": "bachelors",
    "degreeGrade": "2.2",
    "fieldOfStudy": null,
    "preferredCountry": null,
    "interestedCountries": [
      "Belgium",
      "Ireland",
      "Germany",
      "Finland",
      "Sweden",
      "Denmark"
    ],
    "preferredIntake": null,
    "budget": null,
    "englishTest": null,
    "workExperience": null,
    "additionalInfo": null,
    "message": "My CGPA in Bachelors is 2.2/4.\nI did Software Engineering from CUST,Islamabad & Graduated in Feb 2025.\nI want to go for MSc Cyber Security in Europe.\nI am in Saudi Arabia & have a valid Iqama as well. \nPlease Let me know where can I get admission in Europe.",
    "documents": null,
    "status": "contacted",
    "source": "website",
    "assignedTo": null,
    "audioUrl": null,
    "createdAt": "2025-10-14T12:55:33.140Z"
  },
  {
    "id": 30,
    "fullName": null,
    "name": "Tajamal Hussain",
    "email": "maliktajamal007@gmail.com",
    "whatsappNumber": null,
    "phone": "+923116939877",
    "city": "Gujrat",
    "dateOfBirth": null,
    "hasLanguageTest": null,
    "testType": null,
    "otherTestName": null,
    "testScore": null,
    "educationLevel": "Not specified",
    "degreeGrade": null,
    "fieldOfStudy": "Not specified",
    "preferredCountry": "Sweden",
    "interestedCountries": null,
    "preferredIntake": null,
    "budget": null,
    "englishTest": null,
    "workExperience": null,
    "additionalInfo": "Language Test: Not taken",
    "message": null,
    "documents": null,
    "status": "contacted",
    "source": "Gujrat Office",
    "assignedTo": null,
    "audioUrl": null,
    "createdAt": "2025-10-13T18:04:49.785Z"
  },
  {
    "id": 22,
    "fullName": null,
    "name": "momin shahzadi",
    "email": "mominshahzadi3@gmail.com",
    "whatsappNumber": null,
    "phone": "03400402588",
    "city": null,
    "dateOfBirth": null,
    "hasLanguageTest": null,
    "testType": null,
    "otherTestName": null,
    "testScore": null,
    "educationLevel": "Not specified",
    "degreeGrade": null,
    "fieldOfStudy": "General inquiry",
    "preferredCountry": "Canada",
    "interestedCountries": null,
    "preferredIntake": null,
    "budget": null,
    "englishTest": null,
    "workExperience": null,
    "additionalInfo": "bs chemistry ky 7 smester main hun to masters k lyay apply krny ka best time konsa h\nbest university or country konsa h masters in chemistry k lyay",
    "message": null,
    "documents": null,
    "status": "pending",
    "source": "website",
    "assignedTo": null,
    "audioUrl": null,
    "createdAt": "2025-09-30T15:51:20.528Z"
  },
  {
    "id": 21,
    "fullName": null,
    "name": "Hassan raza",
    "email": "hraza2955@gmail.com",
    "whatsappNumber": null,
    "phone": "03432184982",
    "city": null,
    "dateOfBirth": null,
    "hasLanguageTest": null,
    "testType": null,
    "otherTestName": null,
    "testScore": null,
    "educationLevel": "Not specified",
    "degreeGrade": null,
    "fieldOfStudy": "General inquiry",
    "preferredCountry": "Australia",
    "interestedCountries": null,
    "preferredIntake": null,
    "budget": null,
    "englishTest": null,
    "workExperience": null,
    "additionalInfo": "I am Hasan Raza from Sialkot, Pakistan. I have completed a 2-year Bachelor (Associate Degree) in Business Administration and Commerce from the University of Management and Technology, Lahore. Now I want to study in Australia at Baxter Institute, Melbourne. The courses I am interested in are Certificate III, Certificate IV, and Diploma in Automotive. I would like to know if my case is possible and how the process can be done through your consultancy.",
    "message": null,
    "documents": null,
    "status": "pending",
    "source": "website",
    "assignedTo": null,
    "audioUrl": null,
    "createdAt": "2025-09-30T00:03:07.928Z"
  },
  {
    "id": 16,
    "fullName": null,
    "name": "Rimsha ",
    "email": "rimshaakhter22@gmail.com",
    "whatsappNumber": null,
    "phone": "03170894690",
    "city": null,
    "dateOfBirth": null,
    "hasLanguageTest": null,
    "testType": null,
    "otherTestName": null,
    "testScore": null,
    "educationLevel": "Not specified",
    "degreeGrade": null,
    "fieldOfStudy": "General inquiry",
    "preferredCountry": "United Kingdom",
    "interestedCountries": null,
    "preferredIntake": null,
    "budget": null,
    "englishTest": null,
    "workExperience": null,
    "additionalInfo": "i dont have money  bt i want scholorship for study visa for study",
    "message": null,
    "documents": null,
    "status": "pending",
    "source": "website",
    "assignedTo": null,
    "audioUrl": null,
    "createdAt": "2025-09-25T15:06:43.034Z"
  },
  {
    "id": 14,
    "fullName": null,
    "name": "Saiqa",
    "email": "ashrafshahida74@gmail.com",
    "whatsappNumber": null,
    "phone": "03706278389",
    "city": null,
    "dateOfBirth": null,
    "hasLanguageTest": null,
    "testType": null,
    "otherTestName": null,
    "testScore": null,
    "educationLevel": "Not specified",
    "degreeGrade": null,
    "fieldOfStudy": "General inquiry",
    "preferredCountry": "Finland",
    "interestedCountries": null,
    "preferredIntake": null,
    "budget": null,
    "englishTest": null,
    "workExperience": null,
    "additionalInfo": "Ms in public health",
    "message": null,
    "documents": null,
    "status": "pending",
    "source": "website",
    "assignedTo": null,
    "audioUrl": null,
    "createdAt": "2025-09-23T09:36:53.114Z"
  },
  {
    "id": 13,
    "fullName": null,
    "name": "usman ahmed ",
    "email": "butt74743@gmail.com",
    "whatsappNumber": null,
    "phone": "03094112138",
    "city": null,
    "dateOfBirth": null,
    "hasLanguageTest": null,
    "testType": null,
    "otherTestName": null,
    "testScore": null,
    "educationLevel": "Not specified",
    "degreeGrade": null,
    "fieldOfStudy": "General inquiry",
    "preferredCountry": "Canada",
    "interestedCountries": null,
    "preferredIntake": null,
    "budget": null,
    "englishTest": null,
    "workExperience": null,
    "additionalInfo": "",
    "message": null,
    "documents": null,
    "status": "pending",
    "source": "website",
    "assignedTo": null,
    "audioUrl": null,
    "createdAt": "2025-09-23T09:01:49.249Z"
  },
  {
    "id": 12,
    "fullName": null,
    "name": "Abdullah Aslam",
    "email": "Abdullahaslam12006@gmail.com",
    "whatsappNumber": null,
    "phone": "03436495644",
    "city": null,
    "dateOfBirth": null,
    "hasLanguageTest": null,
    "testType": null,
    "otherTestName": null,
    "testScore": null,
    "educationLevel": "Not specified",
    "degreeGrade": null,
    "fieldOfStudy": "General inquiry",
    "preferredCountry": "United Kingdom",
    "interestedCountries": null,
    "preferredIntake": null,
    "budget": null,
    "englishTest": null,
    "workExperience": null,
    "additionalInfo": "",
    "message": null,
    "documents": null,
    "status": "pending",
    "source": "website",
    "assignedTo": null,
    "audioUrl": null,
    "createdAt": "2025-09-22T15:46:13.744Z"
  },
  {
    "id": 9,
    "fullName": null,
    "name": "Sara Ali Khan",
    "email": "sara.alikhan@gmail.com",
    "whatsappNumber": null,
    "phone": "+92-344-8888888",
    "city": null,
    "dateOfBirth": null,
    "hasLanguageTest": null,
    "testType": null,
    "otherTestName": null,
    "testScore": null,
    "educationLevel": "Not specified",
    "degreeGrade": null,
    "fieldOfStudy": "General inquiry",
    "preferredCountry": "United Kingdom",
    "interestedCountries": null,
    "preferredIntake": null,
    "budget": null,
    "englishTest": null,
    "workExperience": null,
    "additionalInfo": "I want to pursue PhD in Computer Science from UK universities. I have completed my Masters with distinction and have 2 research publications. Please help me with university selection and funding opportunities.",
    "message": null,
    "documents": null,
    "status": "pending",
    "source": "website",
    "assignedTo": null,
    "audioUrl": null,
    "createdAt": "2025-09-19T17:51:34.034Z"
  },
  {
    "id": 8,
    "fullName": null,
    "name": "Fatima Ahmed",
    "email": "fatima.ahmed@outlook.com",
    "whatsappNumber": null,
    "phone": "+92-333-7777777",
    "city": null,
    "dateOfBirth": null,
    "hasLanguageTest": null,
    "testType": null,
    "otherTestName": null,
    "testScore": null,
    "educationLevel": "Not specified",
    "degreeGrade": null,
    "fieldOfStudy": "General inquiry",
    "preferredCountry": "Canada",
    "interestedCountries": null,
    "preferredIntake": null,
    "budget": null,
    "englishTest": null,
    "workExperience": null,
    "additionalInfo": "I want to study Masters in Business Administration (MBA) in Canada. I have 4 years work experience in banking sector and IELTS score of 7.5. Please guide me about the best universities and scholarship opportunities.",
    "message": null,
    "documents": null,
    "status": "pending",
    "source": "website",
    "assignedTo": null,
    "audioUrl": null,
    "createdAt": "2025-09-19T17:51:08.061Z"
  },
  {
    "id": 5,
    "fullName": null,
    "name": "Ahmed Hassan Khan",
    "email": "ahmed.hassan@gmail.com",
    "whatsappNumber": null,
    "phone": "+92-321-5678901",
    "city": null,
    "dateOfBirth": null,
    "hasLanguageTest": null,
    "testType": null,
    "otherTestName": null,
    "testScore": null,
    "educationLevel": "Not specified",
    "degreeGrade": null,
    "fieldOfStudy": "General inquiry",
    "preferredCountry": "United Kingdom",
    "interestedCountries": null,
    "preferredIntake": null,
    "budget": null,
    "englishTest": null,
    "workExperience": null,
    "additionalInfo": "I am interested in applying for a Masters in Computer Science program in UK universities. I have completed my Bachelors in Software Engineering with 3.2 CGPA. I need guidance on IELTS preparation, university selection, and visa process. My budget is around 25-30 lakh PKR. Please advise on the best pathway forward.",
    "message": null,
    "documents": null,
    "status": "pending",
    "source": "website",
    "assignedTo": null,
    "audioUrl": null,
    "createdAt": "2025-09-19T17:47:20.826Z"
  }
]