[
  {
    "id": 131,
    "fullName": "Mina",
    "name": null,
    "email": "minasamir324@gmail.com",
    "whatsappNumber": "+201210315538",
    "phone": null,
    "city": "Dairot",
    "dateOfBirth": null,
    "hasLanguageTest": "no",
    "testType": "",
    "otherTestName": "",
    "testScore": "",
    "educationLevel": "matriculation",
    "degreeGrade": "لسه في ثانوية عامة",
    "fieldOfStudy": null,
    "preferredCountry": null,
    "interestedCountries": [
      "Other"
    ],
    "preferredIntake": null,
    "budget": null,
    "englishTest": null,
    "workExperience": null,
    "additionalInfo": null,
    "message": "اي الاخبار \nانا مينا \nفي تالتة ثانوي حاليا  (علمي علوم)\nكنت حابب ادرس برا مصر واستقريت علي بولندا\nفكنت عايز اعرف اي الجامعات الكويسة وفرصتها حلوة natural science \nواي الskills المفروض تكون عندي غير ielts اوtoffelواي \nالمفروض اكون مميز فيه عشان فرصتي في القبول تزيد",
    "documents": null,
    "status": "pending",
    "source": "Egypt cairo Office",
    "assignedTo": null,
    "audioUrl": null,
    "createdAt": "2025-12-15T03:26:09.438Z"
  },
  {
    "id": 130,
    "fullName": "obai alnahhas",
    "name": null,
    "email": "obainahhas@gmail.com",
    "whatsappNumber": "+966548671208",
    "phone": null,
    "city": "jeddah",
    "dateOfBirth": null,
    "hasLanguageTest": "no",
    "testType": "",
    "otherTestName": "",
    "testScore": "",
    "educationLevel": "matriculation",
    "degreeGrade": "96",
    "fieldOfStudy": null,
    "preferredCountry": null,
    "interestedCountries": [
      "Canada",
      "Finland",
      "Sweden",
      "Denmark",
      "Dubai",
      "Kyrgyzstan",
      "Germany",
      "United Kingdom",
      "United States",
      "Australia",
      "Belgium",
      "Ireland",
      "Cyprus",
      "Other"
    ],
    "preferredIntake": null,
    "budget": null,
    "englishTest": null,
    "workExperience": null,
    "additionalInfo": null,
    "message": "",
    "documents": null,
    "status": "pending",
    "source": "Saudi arabia jeddah Office",
    "assignedTo": null,
    "audioUrl": null,
    "createdAt": "2025-12-14T19:16:39.515Z"
  },
  {
    "id": 129,
    "fullName": "Abdul Rafay",
    "name": null,
    "email": "abdulrfy135@gmail.com",
    "whatsappNumber": "+9203390001056",
    "phone": null,
    "city": "MULTAN",
    "dateOfBirth": null,
    "hasLanguageTest": "yes",
    "testType": "ielts",
    "otherTestName": "",
    "testScore": "6",
    "educationLevel": "intermediate",
    "degreeGrade": "45",
    "fieldOfStudy": null,
    "preferredCountry": null,
    "interestedCountries": [
      "Finland"
    ],
    "preferredIntake": null,
    "budget": null,
    "englishTest": null,
    "workExperience": null,
    "additionalInfo": null,
    "message": "I want to apply for finland. Kindly contact me.",
    "documents": null,
    "status": "pending",
    "source": "Multan Office",
    "assignedTo": null,
    "audioUrl": null,
    "createdAt": "2025-12-14T16:08:09.077Z"
  },
  {
    "id": 128,
    "fullName": "Test",
    "name": null,
    "email": "test@test.com",
    "whatsappNumber": "+92038091238",
    "phone": null,
    "city": "Test",
    "dateOfBirth": null,
    "hasLanguageTest": "no",
    "testType": "",
    "otherTestName": "",
    "testScore": "",
    "educationLevel": "matriculation",
    "degreeGrade": "2.3",
    "fieldOfStudy": null,
    "preferredCountry": null,
    "interestedCountries": [
      "United Kingdom"
    ],
    "preferredIntake": null,
    "budget": null,
    "englishTest": null,
    "workExperience": null,
    "additionalInfo": null,
    "message": "",
    "documents": null,
    "status": "pending",
    "source": "PTE Page",
    "assignedTo": null,
    "audioUrl": null,
    "createdAt": "2025-12-13T06:22:06.551Z"
  },
  {
    "id": 127,
    "fullName": "Test",
    "name": null,
    "email": "test@gmail.com",
    "whatsappNumber": "+9203380192389",
    "phone": null,
    "city": "Test",
    "dateOfBirth": null,
    "hasLanguageTest": "no",
    "testType": "",
    "otherTestName": "",
    "testScore": "",
    "educationLevel": "intermediate",
    "degreeGrade": "1.2",
    "fieldOfStudy": null,
    "preferredCountry": null,
    "interestedCountries": [
      "United States"
    ],
    "preferredIntake": null,
    "budget": null,
    "englishTest": null,
    "workExperience": null,
    "additionalInfo": null,
    "message": "",
    "documents": null,
    "status": "pending",
    "source": "PTE Page",
    "assignedTo": null,
    "audioUrl": null,
    "createdAt": "2025-12-13T06:10:59.094Z"
  },
  {
    "id": 126,
    "fullName": "Muhammad Musa",
    "name": null,
    "email": "musaafridi303@gmail.com",
    "whatsappNumber": "+9203259326338",
    "phone": null,
    "city": "Peshawar ",
    "dateOfBirth": null,
    "hasLanguageTest": "no",
    "testType": "",
    "otherTestName": "",
    "testScore": "",
    "educationLevel": "intermediate",
    "degreeGrade": "67.75%",
    "fieldOfStudy": null,
    "preferredCountry": null,
    "interestedCountries": [
      "Finland"
    ],
    "preferredIntake": null,
    "budget": null,
    "englishTest": null,
    "workExperience": null,
    "additionalInfo": null,
    "message": "",
    "documents": null,
    "status": "pending",
    "source": "Peshawar Office",
    "assignedTo": null,
    "audioUrl": null,
    "createdAt": "2025-12-12T23:21:04.589Z"
  },
  {
    "id": 125,
    "fullName": "Umer farooq",
    "name": null,
    "email": "umer_farooq123@hotmail.com",
    "whatsappNumber": "+9203094593083",
    "phone": null,
    "city": "Lalamusa",
    "dateOfBirth": null,
    "hasLanguageTest": "no",
    "testType": "",
    "otherTestName": "",
    "testScore": "",
    "educationLevel": "masters",
    "degreeGrade": "2.95",
    "fieldOfStudy": null,
    "preferredCountry": null,
    "interestedCountries": [
      "Germany",
      "Other"
    ],
    "preferredIntake": null,
    "budget": null,
    "englishTest": null,
    "workExperience": null,
    "additionalInfo": null,
    "message": "My name is Umer Farooq. I completed my MBA in 1999 from Arid Agriculture University with a CGPA of 2.95. For many years, I have been involved in business and practical work experience. Now, at the age of 51, I want to upgrade my skills and pursue further international education.\n\nI am looking for a program that matches my previous education, professional background, and future career goals. Considering my age and experience, the most suitable countries for me would be the UK, Canada, Australia, and some European countries (such as Germany, Ireland, and the Netherlands). These destinations offer good options for mature students, including graduate diplomas, professional master’s programs, and skill-based courses.\n\nI request your guidance to help me choose the best country, the right program, and a suitable admission pathway based on my profile. I want to build a strong and successful study plan for my next career step.",
    "documents": null,
    "status": "pending",
    "source": "Gujrat Office",
    "assignedTo": null,
    "audioUrl": null,
    "createdAt": "2025-12-12T19:36:24.016Z"
  },
  {
    "id": 124,
    "fullName": "John",
    "name": null,
    "email": "john@gmail.com",
    "whatsappNumber": "+9203145671433",
    "phone": null,
    "city": "Sargodha",
    "dateOfBirth": null,
    "hasLanguageTest": "no",
    "testType": "",
    "otherTestName": "",
    "testScore": "",
    "educationLevel": "intermediate",
    "degreeGrade": "2.9",
    "fieldOfStudy": null,
    "preferredCountry": null,
    "interestedCountries": [
      "United States"
    ],
    "preferredIntake": null,
    "budget": null,
    "englishTest": null,
    "workExperience": null,
    "additionalInfo": null,
    "message": "",
    "documents": null,
    "status": "pending",
    "source": "PTE Page",
    "assignedTo": null,
    "audioUrl": null,
    "createdAt": "2025-12-11T13:10:50.689Z"
  },
  {
    "id": 123,
    "fullName": "John",
    "name": null,
    "email": "john@gmail.com",
    "whatsappNumber": "+9203124556734",
    "phone": null,
    "city": "Sargodha",
    "dateOfBirth": null,
    "hasLanguageTest": "no",
    "testType": "",
    "otherTestName": "",
    "testScore": "",
    "educationLevel": "bachelors",
    "degreeGrade": "3.3",
    "fieldOfStudy": null,
    "preferredCountry": null,
    "interestedCountries": [
      "Canada"
    ],
    "preferredIntake": null,
    "budget": null,
    "englishTest": null,
    "workExperience": null,
    "additionalInfo": null,
    "message": "",
    "documents": null,
    "status": "pending",
    "source": "PTE Page",
    "assignedTo": null,
    "audioUrl": null,
    "createdAt": "2025-12-11T13:01:12.279Z"
  },
  {
    "id": 122,
    "fullName": "john",
    "name": null,
    "email": "john@gmail.com",
    "whatsappNumber": "+9203264594568",
    "phone": null,
    "city": "Sargodha",
    "dateOfBirth": null,
    "hasLanguageTest": "no",
    "testType": "",
    "otherTestName": "",
    "testScore": "",
    "educationLevel": "intermediate",
    "degreeGrade": "76",
    "fieldOfStudy": null,
    "preferredCountry": null,
    "interestedCountries": [
      "Canada"
    ],
    "preferredIntake": null,
    "budget": null,
    "englishTest": null,
    "workExperience": null,
    "additionalInfo": null,
    "message": "",
    "documents": null,
    "status": "pending",
    "source": "IELTS Page",
    "assignedTo": null,
    "audioUrl": null,
    "createdAt": "2025-12-11T08:54:09.671Z"
  },
  {
    "id": 121,
    "fullName": "Shahmeer Abbas",
    "name": null,
    "email": "shahmeerabbas786@gmail.com",
    "whatsappNumber": "+9203234576260",
    "phone": null,
    "city": "Karachi",
    "dateOfBirth": null,
    "hasLanguageTest": "no",
    "testType": "",
    "otherTestName": "",
    "testScore": "",
    "educationLevel": "intermediate",
    "degreeGrade": "89",
    "fieldOfStudy": null,
    "preferredCountry": null,
    "interestedCountries": [
      "Australia"
    ],
    "preferredIntake": null,
    "budget": null,
    "englishTest": null,
    "workExperience": null,
    "additionalInfo": null,
    "message": "",
    "documents": null,
    "status": "pending",
    "source": "IELTS Page",
    "assignedTo": null,
    "audioUrl": null,
    "createdAt": "2025-12-11T08:32:56.130Z"
  },
  {
    "id": 120,
    "fullName": "John",
    "name": null,
    "email": "john@gmail.com",
    "whatsappNumber": "+9203455447645",
    "phone": null,
    "city": "Sargodha",
    "dateOfBirth": null,
    "hasLanguageTest": "no",
    "testType": "",
    "otherTestName": "",
    "testScore": "",
    "educationLevel": "intermediate",
    "degreeGrade": "3.3",
    "fieldOfStudy": null,
    "preferredCountry": null,
    "interestedCountries": [
      "United States"
    ],
    "preferredIntake": null,
    "budget": null,
    "englishTest": null,
    "workExperience": null,
    "additionalInfo": null,
    "message": "",
    "documents": null,
    "status": "pending",
    "source": "IELTS Page",
    "assignedTo": null,
    "audioUrl": null,
    "createdAt": "2025-12-11T07:49:45.117Z"
  },
  {
    "id": 119,
    "fullName": "John",
    "name": null,
    "email": "john@gmail.com",
    "whatsappNumber": "+923455456723",
    "phone": null,
    "city": "Sargodha",
    "dateOfBirth": null,
    "hasLanguageTest": "no",
    "testType": "",
    "otherTestName": "",
    "testScore": "",
    "educationLevel": "intermediate",
    "degreeGrade": "76",
    "fieldOfStudy": null,
    "preferredCountry": null,
    "interestedCountries": [
      "Canada"
    ],
    "preferredIntake": null,
    "budget": null,
    "englishTest": null,
    "workExperience": null,
    "additionalInfo": null,
    "message": "",
    "documents": null,
    "status": "pending",
    "source": "IELTS Page",
    "assignedTo": null,
    "audioUrl": null,
    "createdAt": "2025-12-11T06:48:47.531Z"
  },
  {
    "id": 118,
    "fullName": "umer khursheed",
    "name": null,
    "email": "umarsiyalumar328@gmail.com",
    "whatsappNumber": "+923003232975",
    "phone": null,
    "city": "khairpur tamewali",
    "dateOfBirth": null,
    "hasLanguageTest": "no",
    "testType": "",
    "otherTestName": "",
    "testScore": "",
    "educationLevel": "masters",
    "degreeGrade": "3.80",
    "fieldOfStudy": null,
    "preferredCountry": null,
    "interestedCountries": [
      "Australia",
      "Dubai"
    ],
    "preferredIntake": null,
    "budget": null,
    "englishTest": null,
    "workExperience": null,
    "additionalInfo": null,
    "message": "I completed my BS in Environmental Science and am currently pursuing my MS in the same field. I am in my third semester and planning to apply abroad\n for a PhD program in Environmental Science as well",
    "documents": null,
    "status": "pending",
    "source": "Bahawalpur Office",
    "assignedTo": null,
    "audioUrl": null,
    "createdAt": "2025-12-11T06:29:50.770Z"
  },
  {
    "id": 117,
    "fullName": "John Doe",
    "name": null,
    "email": "john@gmail.com",
    "whatsappNumber": "+92324547658",
    "phone": null,
    "city": "Sargodha",
    "dateOfBirth": null,
    "hasLanguageTest": "no",
    "testType": "",
    "otherTestName": "",
    "testScore": "",
    "educationLevel": "intermediate",
    "degreeGrade": "86",
    "fieldOfStudy": null,
    "preferredCountry": null,
    "interestedCountries": [
      "United Kingdom"
    ],
    "preferredIntake": null,
    "budget": null,
    "englishTest": null,
    "workExperience": null,
    "additionalInfo": null,
    "message": "",
    "documents": null,
    "status": "pending",
    "source": "IELTS Page",
    "assignedTo": null,
    "audioUrl": null,
    "createdAt": "2025-12-11T06:28:15.451Z"
  },
  {
    "id": 116,
    "fullName": "Johne",
    "name": null,
    "email": "john@gmail.com",
    "whatsappNumber": "+923455456728",
    "phone": null,
    "city": "Sargodha",
    "dateOfBirth": null,
    "hasLanguageTest": "no",
    "testType": "",
    "otherTestName": "",
    "testScore": "",
    "educationLevel": "intermediate",
    "degreeGrade": "36",
    "fieldOfStudy": null,
    "preferredCountry": null,
    "interestedCountries": [
      "United Kingdom"
    ],
    "preferredIntake": null,
    "budget": null,
    "englishTest": null,
    "workExperience": null,
    "additionalInfo": null,
    "message": "",
    "documents": null,
    "status": "pending",
    "source": "IELTS Page",
    "assignedTo": null,
    "audioUrl": null,
    "createdAt": "2025-12-11T06:23:37.646Z"
  },
  {
    "id": 115,
    "fullName": "baber hussain",
    "name": null,
    "email": "baberkashmiri77@gmail.com",
    "whatsappNumber": "+9203053292792",
    "phone": null,
    "city": "karachi",
    "dateOfBirth": null,
    "hasLanguageTest": "no",
    "testType": "",
    "otherTestName": "",
    "testScore": "",
    "educationLevel": "intermediate",
    "degreeGrade": "63%",
    "fieldOfStudy": null,
    "preferredCountry": null,
    "interestedCountries": [
      "Turkey",
      "Cyprus",
      "Germany"
    ],
    "preferredIntake": null,
    "budget": null,
    "englishTest": null,
    "workExperience": null,
    "additionalInfo": null,
    "message": "intermediate passing year 2017 study gap acceptable?",
    "documents": null,
    "status": "pending",
    "source": "Karachi Office",
    "assignedTo": null,
    "audioUrl": null,
    "createdAt": "2025-12-11T05:39:58.294Z"
  },
  {
    "id": 114,
    "fullName": "Umer Hayat",
    "name": null,
    "email": "umerhayat432@gmail.com",
    "whatsappNumber": "+923124532782",
    "phone": null,
    "city": "Sargodha",
    "dateOfBirth": null,
    "hasLanguageTest": "no",
    "testType": "",
    "otherTestName": "",
    "testScore": "",
    "educationLevel": "intermediate",
    "degreeGrade": "86",
    "fieldOfStudy": null,
    "preferredCountry": null,
    "interestedCountries": [
      "Finland"
    ],
    "preferredIntake": null,
    "budget": null,
    "englishTest": null,
    "workExperience": null,
    "additionalInfo": null,
    "message": "",
    "documents": null,
    "status": "pending",
    "source": "IELTS Page",
    "assignedTo": null,
    "audioUrl": null,
    "createdAt": "2025-12-11T04:59:51.856Z"
  },
  {
    "id": 113,
    "fullName": "Taseer Shah",
    "name": null,
    "email": "taseers596@gmail.com",
    "whatsappNumber": "+923161791082",
    "phone": null,
    "city": "Mandi Bahauddin",
    "dateOfBirth": null,
    "hasLanguageTest": "no",
    "testType": "",
    "otherTestName": "",
    "testScore": "",
    "educationLevel": "intermediate",
    "degreeGrade": "52%",
    "fieldOfStudy": null,
    "preferredCountry": null,
    "interestedCountries": [
      "Finland"
    ],
    "preferredIntake": null,
    "budget": null,
    "englishTest": null,
    "workExperience": null,
    "additionalInfo": null,
    "message": ".",
    "documents": null,
    "status": "pending",
    "source": "PTE Page",
    "assignedTo": null,
    "audioUrl": null,
    "createdAt": "2025-12-10T14:35:30.228Z"
  },
  {
    "id": 103,
    "fullName": "Marjan Asim",
    "name": null,
    "email": "asim.meo81@gmail.com",
    "whatsappNumber": "+923434242139",
    "phone": null,
    "city": "Daska",
    "dateOfBirth": null,
    "hasLanguageTest": "no",
    "testType": "",
    "otherTestName": "",
    "testScore": "",
    "educationLevel": "intermediate",
    "degreeGrade": "68% ",
    "fieldOfStudy": null,
    "preferredCountry": null,
    "interestedCountries": [
      "Turkey",
      "Germany",
      "Other"
    ],
    "preferredIntake": null,
    "budget": null,
    "englishTest": null,
    "workExperience": null,
    "additionalInfo": null,
    "message": "Dear Respected consultant,\n\nGood day to you,\n\nI hope you are doing well. I am writing to request your support in arranging and guiding the admission process for my daughter, Marjan Asim, for her enrollment in MBBS for the upcoming academic session.\n\nAs this is an important step in her educational journey, I would be grateful if you could assist us with the necessary procedures, documentation, deadlines, and any other formalities required for a smooth and successful admission process. Your expertise and guidance will help ensure that everything is completed accurately and on time.\n\nPlease let me know the next steps and any information you may need from our side.\n\nThank you for your support and cooperation.",
    "documents": null,
    "status": "pending",
    "source": "Homepage",
    "assignedTo": null,
    "audioUrl": null,
    "createdAt": "2025-12-10T06:08:57.843Z"
  },
  {
    "id": 102,
    "fullName": "Mayal hassan",
    "name": null,
    "email": "mayalhassan1@icloud.com",
    "whatsappNumber": "+923455601153",
    "phone": null,
    "city": "Mirpur",
    "dateOfBirth": null,
    "hasLanguageTest": "yes",
    "testType": "ielts",
    "otherTestName": "",
    "testScore": "6.5",
    "educationLevel": "bachelors",
    "degreeGrade": "3.3",
    "fieldOfStudy": null,
    "preferredCountry": null,
    "interestedCountries": [
      "Sweden",
      "Finland"
    ],
    "preferredIntake": null,
    "budget": null,
    "englishTest": null,
    "workExperience": null,
    "additionalInfo": null,
    "message": "Need options with dependents Contact please",
    "documents": null,
    "status": "pending",
    "source": "Islamabad Office",
    "assignedTo": null,
    "audioUrl": null,
    "createdAt": "2025-12-09T10:46:57.523Z"
  },
  {
    "id": 101,
    "fullName": "Ammara Yasir ",
    "name": null,
    "email": "ammarayasir2006@gmail.con",
    "whatsappNumber": "+9203298105826",
    "phone": null,
    "city": "Gujrat ",
    "dateOfBirth": null,
    "hasLanguageTest": "no",
    "testType": "",
    "otherTestName": "",
    "testScore": "",
    "educationLevel": "intermediate",
    "degreeGrade": "84%",
    "fieldOfStudy": null,
    "preferredCountry": null,
    "interestedCountries": [
      "United States"
    ],
    "preferredIntake": null,
    "budget": null,
    "englishTest": null,
    "workExperience": null,
    "additionalInfo": null,
    "message": "",
    "documents": null,
    "status": "pending",
    "source": "Homepage",
    "assignedTo": null,
    "audioUrl": null,
    "createdAt": "2025-12-08T12:20:02.696Z"
  },
  {
    "id": 100,
    "fullName": "Marjan Asim",
    "name": null,
    "email": "asim.meo81@gmail.com",
    "whatsappNumber": "+923434242139",
    "phone": null,
    "city": "Daska",
    "dateOfBirth": null,
    "hasLanguageTest": "no",
    "testType": "",
    "otherTestName": "",
    "testScore": "",
    "educationLevel": "intermediate",
    "degreeGrade": "68% ",
    "fieldOfStudy": null,
    "preferredCountry": null,
    "interestedCountries": [
      "Turkey",
      "Germany",
      "Finland"
    ],
    "preferredIntake": null,
    "budget": null,
    "englishTest": null,
    "workExperience": null,
    "additionalInfo": null,
    "message": "",
    "documents": null,
    "status": "pending",
    "source": "Study Turkey",
    "assignedTo": null,
    "audioUrl": null,
    "createdAt": "2025-12-08T12:12:18.848Z"
  },
  {
    "id": 99,
    "fullName": "Awais Umar Hayat",
    "name": null,
    "email": "AwaisUmarHayatOfficial@gmail.com",
    "whatsappNumber": "+923099610688",
    "phone": null,
    "city": "Faisalabad",
    "dateOfBirth": null,
    "hasLanguageTest": "yes",
    "testType": "pte",
    "otherTestName": "",
    "testScore": "60",
    "educationLevel": "bachelors",
    "degreeGrade": "2.49",
    "fieldOfStudy": null,
    "preferredCountry": null,
    "interestedCountries": [
      "Germany"
    ],
    "preferredIntake": null,
    "budget": null,
    "englishTest": null,
    "workExperience": null,
    "additionalInfo": null,
    "message": "FAST University Graduate",
    "documents": null,
    "status": "pending",
    "source": "Faisalabad Office",
    "assignedTo": null,
    "audioUrl": null,
    "createdAt": "2025-12-08T09:44:38.496Z"
  },
  {
    "id": 98,
    "fullName": "Zohaib Talib",
    "name": null,
    "email": "zohaibtalib204701@gmail.com",
    "whatsappNumber": "+923289615297",
    "phone": null,
    "city": "Sialkot",
    "dateOfBirth": null,
    "hasLanguageTest": "yes",
    "testType": "pte",
    "otherTestName": "",
    "testScore": "72",
    "educationLevel": "bachelors",
    "degreeGrade": "3.02",
    "fieldOfStudy": null,
    "preferredCountry": null,
    "interestedCountries": [
      "Canada",
      "Finland",
      "Sweden",
      "Australia"
    ],
    "preferredIntake": null,
    "budget": null,
    "englishTest": null,
    "workExperience": null,
    "additionalInfo": null,
    "message": "Open to suggestions",
    "documents": null,
    "status": "pending",
    "source": "Sialkot Office",
    "assignedTo": null,
    "audioUrl": null,
    "createdAt": "2025-12-08T07:51:39.941Z"
  },
  {
    "id": 97,
    "fullName": "Dua fatima",
    "name": "Dua fatima",
    "email": "ameengopang@gmail.com",
    "whatsappNumber": "03233984842",
    "phone": "03233984842",
    "city": "",
    "dateOfBirth": null,
    "hasLanguageTest": null,
    "testType": null,
    "otherTestName": null,
    "testScore": null,
    "educationLevel": "",
    "degreeGrade": null,
    "fieldOfStudy": "",
    "preferredCountry": "Germany",
    "interestedCountries": null,
    "preferredIntake": "",
    "budget": null,
    "englishTest": null,
    "workExperience": null,
    "additionalInfo": "Plzzzz give me a scholarship. ",
    "message": "Plzzzz give me a scholarship. ",
    "documents": null,
    "status": "pending",
    "source": "Contact Us Form",
    "assignedTo": null,
    "audioUrl": null,
    "createdAt": "2025-12-07T03:52:11.081Z"
  },
  {
    "id": 96,
    "fullName": "Philip H. Olair",
    "name": null,
    "email": "philip.olairpsy@aol.com",
    "whatsappNumber": "+9660582917387",
    "phone": null,
    "city": "Jeddah 23442",
    "dateOfBirth": null,
    "hasLanguageTest": "no",
    "testType": "",
    "otherTestName": "",
    "testScore": "",
    "educationLevel": "bachelors",
    "degreeGrade": "90/100",
    "fieldOfStudy": null,
    "preferredCountry": null,
    "interestedCountries": [
      "United States"
    ],
    "preferredIntake": null,
    "budget": null,
    "englishTest": null,
    "workExperience": null,
    "additionalInfo": null,
    "message": "I am inquiring about F1 visa assistance for a short training and certification course in the US. ",
    "documents": null,
    "status": "pending",
    "source": "Saudi arabia jeddah Office",
    "assignedTo": null,
    "audioUrl": null,
    "createdAt": "2025-12-07T00:22:19.520Z"
  },
  {
    "id": 95,
    "fullName": "Mirna Mostafa Shebl",
    "name": "Mirna Mostafa Shebl",
    "email": "mirnamostafa228@gmail.com",
    "whatsappNumber": "01001693020",
    "phone": "01001693020",
    "city": "",
    "dateOfBirth": null,
    "hasLanguageTest": null,
    "testType": null,
    "otherTestName": null,
    "testScore": null,
    "educationLevel": "bachelors",
    "degreeGrade": null,
    "fieldOfStudy": "Engineering ",
    "preferredCountry": "Turkey",
    "interestedCountries": null,
    "preferredIntake": "summer-2026",
    "budget": null,
    "englishTest": null,
    "workExperience": null,
    "additionalInfo": "",
    "message": "",
    "documents": null,
    "status": "pending",
    "source": "Turkey Application Form",
    "assignedTo": null,
    "audioUrl": null,
    "createdAt": "2025-12-06T13:45:07.647Z"
  },
  {
    "id": 94,
    "fullName": "Mirna Mostafa Shebl",
    "name": "Mirna Mostafa Shebl",
    "email": "mirnamostafa228@gmail.com",
    "whatsappNumber": "01001693020",
    "phone": "01001693020",
    "city": "",
    "dateOfBirth": null,
    "hasLanguageTest": null,
    "testType": null,
    "otherTestName": null,
    "testScore": null,
    "educationLevel": "",
    "degreeGrade": null,
    "fieldOfStudy": "MBA",
    "preferredCountry": "Turkey",
    "interestedCountries": null,
    "preferredIntake": "",
    "budget": null,
    "englishTest": null,
    "workExperience": null,
    "additionalInfo": "",
    "message": "",
    "documents": null,
    "status": "pending",
    "source": "Turkey Application Form",
    "assignedTo": null,
    "audioUrl": null,
    "createdAt": "2025-12-06T10:34:42.167Z"
  },
  {
    "id": 93,
    "fullName": "Muhammad Sikandar",
    "name": null,
    "email": "muhammadms394@gmail.com",
    "whatsappNumber": "+923134643114",
    "phone": null,
    "city": "gujranwala",
    "dateOfBirth": null,
    "hasLanguageTest": "no",
    "testType": "",
    "otherTestName": "",
    "testScore": "",
    "educationLevel": "intermediate",
    "degreeGrade": "90",
    "fieldOfStudy": null,
    "preferredCountry": null,
    "interestedCountries": [
      "Other"
    ],
    "preferredIntake": null,
    "budget": null,
    "englishTest": null,
    "workExperience": null,
    "additionalInfo": null,
    "message": "",
    "documents": null,
    "status": "pending",
    "source": "Gujranwala Office",
    "assignedTo": null,
    "audioUrl": null,
    "createdAt": "2025-12-06T06:15:17.828Z"
  },
  {
    "id": 92,
    "fullName": "Fawad Rasool ",
    "name": "Fawad Rasool ",
    "email": "rajaf4968@gmail.com",
    "whatsappNumber": "03180752158",
    "phone": "03180752158",
    "city": "",
    "dateOfBirth": null,
    "hasLanguageTest": null,
    "testType": null,
    "otherTestName": null,
    "testScore": null,
    "educationLevel": "bachelors",
    "degreeGrade": null,
    "fieldOfStudy": "Chemical engineering/pharmaceutical chemistry/Ai",
    "preferredCountry": "United Kingdom",
    "interestedCountries": null,
    "preferredIntake": "spring-2026",
    "budget": null,
    "englishTest": null,
    "workExperience": null,
    "additionalInfo": "",
    "message": "",
    "documents": null,
    "status": "not_interested",
    "source": "United Kingdom Application Form",
    "assignedTo": null,
    "audioUrl": null,
    "createdAt": "2025-12-05T14:32:46.300Z"
  },
  {
    "id": 91,
    "fullName": "Amir Hossam",
    "name": null,
    "email": "amir.info@mail.com",
    "whatsappNumber": "+2001069248521",
    "phone": null,
    "city": "Bilgas",
    "dateOfBirth": null,
    "hasLanguageTest": "no",
    "testType": "",
    "otherTestName": "",
    "testScore": "",
    "educationLevel": "bachelors",
    "degreeGrade": "60%",
    "fieldOfStudy": null,
    "preferredCountry": null,
    "interestedCountries": [
      "Germany",
      "Canada",
      "United Kingdom",
      "United States"
    ],
    "preferredIntake": null,
    "budget": null,
    "englishTest": null,
    "workExperience": null,
    "additionalInfo": null,
    "message": "",
    "documents": null,
    "status": "pending",
    "source": "Egypt cairo Office",
    "assignedTo": null,
    "audioUrl": null,
    "createdAt": "2025-12-04T16:43:13.376Z"
  },
  {
    "id": 90,
    "fullName": "Zain Ameen",
    "name": "Zain Ameen",
    "email": "zainameen344@gmail.com",
    "whatsappNumber": "03177143862",
    "phone": "03177143862",
    "city": "",
    "dateOfBirth": null,
    "hasLanguageTest": null,
    "testType": null,
    "otherTestName": null,
    "testScore": null,
    "educationLevel": "",
    "degreeGrade": null,
    "fieldOfStudy": "",
    "preferredCountry": "Australia",
    "interestedCountries": null,
    "preferredIntake": "",
    "budget": null,
    "englishTest": null,
    "workExperience": null,
    "additionalInfo": "Call me I want to get guidance on university selection and procedure",
    "message": "Call me I want to get guidance on university selection and procedure",
    "documents": null,
    "status": "pending",
    "source": "Contact Us Form",
    "assignedTo": null,
    "audioUrl": null,
    "createdAt": "2025-12-04T14:41:51.833Z"
  },
  {
    "id": 89,
    "fullName": "TEST",
    "name": "TEST",
    "email": "test@gmail.com",
    "whatsappNumber": "344772887745",
    "phone": "344772887745",
    "city": "",
    "dateOfBirth": null,
    "hasLanguageTest": null,
    "testType": null,
    "otherTestName": null,
    "testScore": null,
    "educationLevel": "",
    "degreeGrade": null,
    "fieldOfStudy": "",
    "preferredCountry": "Germany",
    "interestedCountries": null,
    "preferredIntake": "",
    "budget": null,
    "englishTest": null,
    "workExperience": null,
    "additionalInfo": "lsjdbcoewj dehwfojwo enf jefn c ehichoeiiwhoie o ",
    "message": "lsjdbcoewj dehwfojwo enf jefn c ehichoeiiwhoie o ",
    "documents": null,
    "status": "pending",
    "source": "Contact Us Form",
    "assignedTo": null,
    "audioUrl": null,
    "createdAt": "2025-12-04T09:42:25.647Z"
  },
  {
    "id": 88,
    "fullName": "Test",
    "name": "Test",
    "email": "test@gmail.com",
    "whatsappNumber": "3432742139327",
    "phone": "3432742139327",
    "city": "",
    "dateOfBirth": null,
    "hasLanguageTest": null,
    "testType": null,
    "otherTestName": null,
    "testScore": null,
    "educationLevel": "masters",
    "degreeGrade": null,
    "fieldOfStudy": "Bscs",
    "preferredCountry": "United Kingdom",
    "interestedCountries": null,
    "preferredIntake": "fall-2026",
    "budget": null,
    "englishTest": null,
    "workExperience": null,
    "additionalInfo": "",
    "message": "",
    "documents": null,
    "status": "pending",
    "source": "United Kingdom Application Form",
    "assignedTo": null,
    "audioUrl": null,
    "createdAt": "2025-12-04T09:41:07.157Z"
  },
  {
    "id": 87,
    "fullName": "Usman",
    "name": "Usman",
    "email": "usmanshahid34466@gmail.com",
    "whatsappNumber": "233324222323",
    "phone": "233324222323",
    "city": "",
    "dateOfBirth": null,
    "hasLanguageTest": null,
    "testType": null,
    "otherTestName": null,
    "testScore": null,
    "educationLevel": "bachelors",
    "degreeGrade": null,
    "fieldOfStudy": "Bscs",
    "preferredCountry": "United States",
    "interestedCountries": null,
    "preferredIntake": "spring-2026",
    "budget": null,
    "englishTest": null,
    "workExperience": null,
    "additionalInfo": "33fderderervrewdef",
    "message": "33fderderervrewdef",
    "documents": null,
    "status": "pending",
    "source": "United States Application Form",
    "assignedTo": null,
    "audioUrl": null,
    "createdAt": "2025-12-04T09:38:03.503Z"
  },
  {
    "id": 86,
    "fullName": "Usman",
    "name": "Usman",
    "email": "usmanshahid34466@gmail.com",
    "whatsappNumber": "4543545454555",
    "phone": "4543545454555",
    "city": "",
    "dateOfBirth": null,
    "hasLanguageTest": null,
    "testType": null,
    "otherTestName": null,
    "testScore": null,
    "educationLevel": "bachelors",
    "degreeGrade": null,
    "fieldOfStudy": "Bscs",
    "preferredCountry": "United States",
    "interestedCountries": null,
    "preferredIntake": "spring-2026",
    "budget": null,
    "englishTest": null,
    "workExperience": null,
    "additionalInfo": "544544545tgggbggbt",
    "message": "544544545tgggbggbt",
    "documents": null,
    "status": "pending",
    "source": "United States Application Form",
    "assignedTo": null,
    "audioUrl": null,
    "createdAt": "2025-12-04T08:17:58.813Z"
  },
  {
    "id": 85,
    "fullName": "Usman",
    "name": null,
    "email": "test@gmail.com",
    "whatsappNumber": "+92123456789",
    "phone": null,
    "city": "Sargodha",
    "dateOfBirth": null,
    "hasLanguageTest": "yes",
    "testType": "pte",
    "otherTestName": "",
    "testScore": "6.4",
    "educationLevel": "bachelors",
    "degreeGrade": "81%",
    "fieldOfStudy": null,
    "preferredCountry": null,
    "interestedCountries": [
      "United States",
      "United Kingdom"
    ],
    "preferredIntake": null,
    "budget": null,
    "englishTest": null,
    "workExperience": null,
    "additionalInfo": null,
    "message": "",
    "documents": null,
    "status": "pending",
    "source": "Homepage",
    "assignedTo": null,
    "audioUrl": null,
    "createdAt": "2025-12-04T07:40:21.084Z"
  },
  {
    "id": 84,
    "fullName": "Muhammad Saim",
    "name": null,
    "email": "saimbaloch510@gmail.com",
    "whatsappNumber": "+923299101249",
    "phone": null,
    "city": "Sargodha",
    "dateOfBirth": null,
    "hasLanguageTest": "no",
    "testType": "",
    "otherTestName": "",
    "testScore": "",
    "educationLevel": "bachelors",
    "degreeGrade": "2.88",
    "fieldOfStudy": null,
    "preferredCountry": null,
    "interestedCountries": [
      "Germany",
      "Finland",
      "Sweden",
      "Denmark",
      "Turkey",
      "Belgium",
      "Cyprus",
      "Ireland"
    ],
    "preferredIntake": null,
    "budget": null,
    "englishTest": null,
    "workExperience": null,
    "additionalInfo": null,
    "message": "I have completed bachelor's in computer science I am interesting in europe   countries on the basis of scholarships ",
    "documents": null,
    "status": "pending",
    "source": "Study Finland",
    "assignedTo": null,
    "audioUrl": null,
    "createdAt": "2025-12-01T16:36:07.213Z"
  },
  {
    "id": 83,
    "fullName": "Zia Ur Rehman",
    "name": null,
    "email": "Zrman88@gmail.com",
    "whatsappNumber": "+92314479025",
    "phone": null,
    "city": "SIALKOT",
    "dateOfBirth": null,
    "hasLanguageTest": "no",
    "testType": "",
    "otherTestName": "",
    "testScore": "",
    "educationLevel": "bachelors",
    "degreeGrade": "3.2",
    "fieldOfStudy": null,
    "preferredCountry": null,
    "interestedCountries": [
      "Australia"
    ],
    "preferredIntake": null,
    "budget": null,
    "englishTest": null,
    "workExperience": null,
    "additionalInfo": null,
    "message": "",
    "documents": null,
    "status": "pending",
    "source": "Study Australia",
    "assignedTo": null,
    "audioUrl": null,
    "createdAt": "2025-11-27T14:46:29.320Z"
  },
  {
    "id": 82,
    "fullName": "Rehan Afzal ch ",
    "name": null,
    "email": "rehanafzal1515@gmail.com",
    "whatsappNumber": "+923417505549",
    "phone": null,
    "city": "Lahore ",
    "dateOfBirth": null,
    "hasLanguageTest": "no",
    "testType": "",
    "otherTestName": "",
    "testScore": "",
    "educationLevel": "intermediate",
    "degreeGrade": "52%",
    "fieldOfStudy": null,
    "preferredCountry": null,
    "interestedCountries": [
      "Cyprus"
    ],
    "preferredIntake": null,
    "budget": null,
    "englishTest": null,
    "workExperience": null,
    "additionalInfo": null,
    "message": "",
    "documents": null,
    "status": "pending",
    "source": "Lahore johar Office",
    "assignedTo": null,
    "audioUrl": null,
    "createdAt": "2025-11-27T05:07:20.942Z"
  },
  {
    "id": 81,
    "fullName": "Anas burhan",
    "name": null,
    "email": "storyvibes1978@gmail.com",
    "whatsappNumber": "+923118895967",
    "phone": null,
    "city": "makkah",
    "dateOfBirth": null,
    "hasLanguageTest": "yes",
    "testType": "ielts",
    "otherTestName": "",
    "testScore": "6.5",
    "educationLevel": "intermediate",
    "degreeGrade": "58%",
    "fieldOfStudy": null,
    "preferredCountry": null,
    "interestedCountries": [
      "Sweden"
    ],
    "preferredIntake": null,
    "budget": null,
    "englishTest": null,
    "workExperience": null,
    "additionalInfo": null,
    "message": "",
    "documents": null,
    "status": "contacted",
    "source": "Homepage",
    "assignedTo": null,
    "audioUrl": null,
    "createdAt": "2025-11-26T08:42:27.709Z"
  },
  {
    "id": 80,
    "fullName": "Anas burhan",
    "name": null,
    "email": "storyvibes1978@gmail.com",
    "whatsappNumber": "+923118895967",
    "phone": null,
    "city": "Makkah",
    "dateOfBirth": null,
    "hasLanguageTest": "no",
    "testType": "",
    "otherTestName": "",
    "testScore": "",
    "educationLevel": "intermediate",
    "degreeGrade": "58%",
    "fieldOfStudy": null,
    "preferredCountry": null,
    "interestedCountries": [
      "Sweden"
    ],
    "preferredIntake": null,
    "budget": null,
    "englishTest": null,
    "workExperience": null,
    "additionalInfo": null,
    "message": "",
    "documents": null,
    "status": "contacted",
    "source": "Saudi arabia jeddah Office",
    "assignedTo": null,
    "audioUrl": null,
    "createdAt": "2025-11-25T19:47:15.605Z"
  },
  {
    "id": 79,
    "fullName": "hasnain ali ",
    "name": null,
    "email": "saimejaz549@gmail.com",
    "whatsappNumber": "+923006215518",
    "phone": null,
    "city": "joharabad ",
    "dateOfBirth": null,
    "hasLanguageTest": "yes",
    "testType": "pte",
    "otherTestName": "",
    "testScore": "74",
    "educationLevel": "intermediate",
    "degreeGrade": "72 percentage ",
    "fieldOfStudy": null,
    "preferredCountry": null,
    "interestedCountries": [
      "Other"
    ],
    "preferredIntake": null,
    "budget": null,
    "englishTest": null,
    "workExperience": null,
    "additionalInfo": null,
    "message": "i have done my intermediate,and now i want to pursue bachelor in one of the best country for me",
    "documents": null,
    "status": "pending",
    "source": "Gujrat Office",
    "assignedTo": null,
    "audioUrl": null,
    "createdAt": "2025-11-25T10:37:15.260Z"
  },
  {
    "id": 78,
    "fullName": "Ali Hassan",
    "name": null,
    "email": "alihassan88880006728hakgd@gmail.com",
    "whatsappNumber": "+923033257429",
    "phone": null,
    "city": "Sargodha",
    "dateOfBirth": null,
    "hasLanguageTest": "no",
    "testType": "",
    "otherTestName": "",
    "testScore": "",
    "educationLevel": "intermediate",
    "degreeGrade": "48%",
    "fieldOfStudy": null,
    "preferredCountry": null,
    "interestedCountries": [
      "United Kingdom",
      "United States",
      "Canada",
      "Australia",
      "Sweden",
      "Cyprus",
      "Finland",
      "Germany",
      "Other"
    ],
    "preferredIntake": null,
    "budget": null,
    "englishTest": null,
    "workExperience": null,
    "additionalInfo": null,
    "message": "I also want information about Italy ",
    "documents": null,
    "status": "pending",
    "source": "Homepage",
    "assignedTo": null,
    "audioUrl": null,
    "createdAt": "2025-11-24T09:44:28.193Z"
  },
  {
    "id": 77,
    "fullName": "muhammad saif",
    "name": null,
    "email": "saifbadami44@gmail.com",
    "whatsappNumber": "+923333244441",
    "phone": null,
    "city": "bahawalpur",
    "dateOfBirth": null,
    "hasLanguageTest": "no",
    "testType": "",
    "otherTestName": "",
    "testScore": "",
    "educationLevel": "bachelors",
    "degreeGrade": "2.7",
    "fieldOfStudy": null,
    "preferredCountry": null,
    "interestedCountries": [
      "United States",
      "Germany"
    ],
    "preferredIntake": null,
    "budget": null,
    "englishTest": null,
    "workExperience": null,
    "additionalInfo": null,
    "message": "",
    "documents": null,
    "status": "pending",
    "source": "Bahawalpur Office",
    "assignedTo": null,
    "audioUrl": null,
    "createdAt": "2025-11-21T13:45:23.529Z"
  },
  {
    "id": 76,
    "fullName": "Sohaib Hussain",
    "name": null,
    "email": "mh071992@gmail.com",
    "whatsappNumber": "+9660570352547",
    "phone": null,
    "city": "Jeddah",
    "dateOfBirth": null,
    "hasLanguageTest": "no",
    "testType": "",
    "otherTestName": "",
    "testScore": "",
    "educationLevel": "intermediate",
    "degreeGrade": "70%",
    "fieldOfStudy": null,
    "preferredCountry": null,
    "interestedCountries": [
      "Germany",
      "Other",
      "Australia"
    ],
    "preferredIntake": null,
    "budget": null,
    "englishTest": null,
    "workExperience": null,
    "additionalInfo": null,
    "message": "Apart from the above, I am more inclined towards Italy and Saudi Arabia.",
    "documents": null,
    "status": "pending",
    "source": "Saudi arabia jeddah Office",
    "assignedTo": null,
    "audioUrl": null,
    "createdAt": "2025-11-20T15:15:06.878Z"
  },
  {
    "id": 75,
    "fullName": "Ali raza ",
    "name": null,
    "email": "iamalisafddar@gmail.com",
    "whatsappNumber": "+923455861700",
    "phone": null,
    "city": "Mandi bahauddin ",
    "dateOfBirth": null,
    "hasLanguageTest": "yes",
    "testType": "language_cert",
    "otherTestName": "",
    "testScore": "In speaking 38 score and other three module 45plus",
    "educationLevel": "bachelors",
    "degreeGrade": "55%",
    "fieldOfStudy": null,
    "preferredCountry": null,
    "interestedCountries": [
      "United Kingdom"
    ],
    "preferredIntake": null,
    "budget": null,
    "englishTest": null,
    "workExperience": null,
    "additionalInfo": null,
    "message": "",
    "documents": null,
    "status": "pending",
    "source": "Mandi bahauddin Office",
    "assignedTo": null,
    "audioUrl": null,
    "createdAt": "2025-11-20T13:51:02.045Z"
  },
  {
    "id": 74,
    "fullName": "RAMYA AHMAD",
    "name": null,
    "email": "RAMYAAHMAD0@GMAIL.COM",
    "whatsappNumber": "+923036675933",
    "phone": null,
    "city": "BAHAWALPUR",
    "dateOfBirth": null,
    "hasLanguageTest": "no",
    "testType": "",
    "otherTestName": "",
    "testScore": "",
    "educationLevel": "bachelors",
    "degreeGrade": "3.6",
    "fieldOfStudy": null,
    "preferredCountry": null,
    "interestedCountries": [
      "Australia"
    ],
    "preferredIntake": null,
    "budget": null,
    "englishTest": null,
    "workExperience": null,
    "additionalInfo": null,
    "message": "KINDLY GUIDE ME THROUGH THE PROCESS.",
    "documents": null,
    "status": "pending",
    "source": "Bahawalpur Office",
    "assignedTo": null,
    "audioUrl": null,
    "createdAt": "2025-11-20T12:56:40.036Z"
  },
  {
    "id": 73,
    "fullName": "Maria Afzal",
    "name": null,
    "email": "mariaafzal516@gmail.com",
    "whatsappNumber": "+9203401489778",
    "phone": null,
    "city": "Hafizabad",
    "dateOfBirth": null,
    "hasLanguageTest": "yes",
    "testType": "ielts",
    "otherTestName": "",
    "testScore": "",
    "educationLevel": "masters",
    "degreeGrade": "3.06",
    "fieldOfStudy": null,
    "preferredCountry": null,
    "interestedCountries": [
      "United Kingdom"
    ],
    "preferredIntake": null,
    "budget": null,
    "englishTest": null,
    "workExperience": null,
    "additionalInfo": null,
    "message": "My name is Maria Afzal from Hafizabad, Pakistan. I have completed my M.Phil in Zoology from the University of Lahore in 2024, and I also have two research publications in the field. I am very interested in applying for the MSc Cancer and Molecular Diagnostics program for the upcoming September intake at Teesside University.",
    "documents": null,
    "status": "pending",
    "source": "Homepage",
    "assignedTo": null,
    "audioUrl": null,
    "createdAt": "2025-11-20T11:44:01.796Z"
  },
  {
    "id": 72,
    "fullName": "Muhammad Hassan Ayaz",
    "name": null,
    "email": "hassanmalikmuhammad8@gmail.com",
    "whatsappNumber": "+923161808095",
    "phone": null,
    "city": "KPK Pakistan ",
    "dateOfBirth": null,
    "hasLanguageTest": "no",
    "testType": "",
    "otherTestName": "",
    "testScore": "",
    "educationLevel": "bachelors",
    "degreeGrade": "3.39",
    "fieldOfStudy": null,
    "preferredCountry": null,
    "interestedCountries": [
      "United States",
      "Australia",
      "Germany",
      "Finland",
      "Ireland"
    ],
    "preferredIntake": null,
    "budget": null,
    "englishTest": null,
    "workExperience": null,
    "additionalInfo": null,
    "message": "",
    "documents": null,
    "status": "pending",
    "source": "Homepage",
    "assignedTo": null,
    "audioUrl": null,
    "createdAt": "2025-11-20T06:22:50.021Z"
  },
  {
    "id": 71,
    "fullName": "Muhammad Adil Muhammad Amir Ali",
    "name": null,
    "email": "adilamiradilamir304@gmail.com",
    "whatsappNumber": "+9203092352119",
    "phone": null,
    "city": "Karachi",
    "dateOfBirth": null,
    "hasLanguageTest": "yes",
    "testType": "ielts",
    "otherTestName": "",
    "testScore": "5.5 overall",
    "educationLevel": "intermediate",
    "degreeGrade": "54.18",
    "fieldOfStudy": null,
    "preferredCountry": null,
    "interestedCountries": [
      "United Kingdom"
    ],
    "preferredIntake": null,
    "budget": null,
    "englishTest": null,
    "workExperience": null,
    "additionalInfo": null,
    "message": "Please help me to get good universities option with good ranking and quality of education and with as much as low fees in the London west side slough and Farnborough",
    "documents": null,
    "status": "pending",
    "source": "Karachi Office",
    "assignedTo": null,
    "audioUrl": null,
    "createdAt": "2025-11-17T10:30:19.979Z"
  },
  {
    "id": 70,
    "fullName": "MUHAMMAD ADIL MUHAMMAD AMIR ALI",
    "name": null,
    "email": "adilamiradilamir403@gmail.com",
    "whatsappNumber": "+9203092352119",
    "phone": null,
    "city": "KARACHI",
    "dateOfBirth": null,
    "hasLanguageTest": "yes",
    "testType": "ielts",
    "otherTestName": "",
    "testScore": "5.5",
    "educationLevel": "intermediate",
    "degreeGrade": "54.18",
    "fieldOfStudy": null,
    "preferredCountry": null,
    "interestedCountries": [
      "United Kingdom"
    ],
    "preferredIntake": null,
    "budget": null,
    "englishTest": null,
    "workExperience": null,
    "additionalInfo": null,
    "message": "Please help me to find best option with as much as low fees possible with good ranking and in the west side of the London slough and Farnborough side ",
    "documents": null,
    "status": "pending",
    "source": "Islamabad Office",
    "assignedTo": null,
    "audioUrl": null,
    "createdAt": "2025-11-17T10:25:06.148Z"
  },
  {
    "id": 69,
    "fullName": "Muhammad Hasnain",
    "name": null,
    "email": "hasnainchohan657@gmail.com",
    "whatsappNumber": "+9203000360349",
    "phone": null,
    "city": "Nausharo Feroze Sindh.",
    "dateOfBirth": null,
    "hasLanguageTest": "no",
    "testType": "",
    "otherTestName": "",
    "testScore": "",
    "educationLevel": "bachelors",
    "degreeGrade": "2.66.. 68.62%",
    "fieldOfStudy": null,
    "preferredCountry": null,
    "interestedCountries": [
      "Turkey",
      "Cyprus",
      "Other",
      "Germany"
    ],
    "preferredIntake": null,
    "budget": null,
    "englishTest": null,
    "workExperience": null,
    "additionalInfo": null,
    "message": "Assalam o Alaikum.\nI hope you are fine.\nI completed my Bachelor’s in Electrical Engineering in 2021 from Indus University of Engineering, Science and Technology, Karachi.\nFrom 2021 to 2024, I worked in the textile industry and have 3 years of field experience.\nAfter that, I took some language tests, but my Oxford test was blocked (withheld).\nI also have a rejection from the UK.\nNow I have the MOI, so please tell me safe options in European or non-European countries.\nI want January, February, or March 2026 intakes. I don’t want to miss these intakes.\nPlease give me good, brotherly advice.\nAnd all my documents are ready.\nThanks.\n",
    "documents": null,
    "status": "pending",
    "source": "Karachi Office",
    "assignedTo": null,
    "audioUrl": null,
    "createdAt": "2025-11-17T05:58:59.477Z"
  },
  {
    "id": 68,
    "fullName": "Muneeba Ahsan",
    "name": null,
    "email": "brilliantgirl033@gmail.com",
    "whatsappNumber": "+9203456892443",
    "phone": null,
    "city": "gujrat",
    "dateOfBirth": null,
    "hasLanguageTest": "no",
    "testType": "",
    "otherTestName": "",
    "testScore": "",
    "educationLevel": "bachelors",
    "degreeGrade": "3.9",
    "fieldOfStudy": null,
    "preferredCountry": null,
    "interestedCountries": [
      "United Kingdom"
    ],
    "preferredIntake": null,
    "budget": null,
    "englishTest": null,
    "workExperience": null,
    "additionalInfo": null,
    "message": "",
    "documents": null,
    "status": "pending",
    "source": "Gujrat Office",
    "assignedTo": null,
    "audioUrl": null,
    "createdAt": "2025-11-16T04:45:28.065Z"
  },
  {
    "id": 67,
    "fullName": "Muhammad Asif",
    "name": null,
    "email": "am2763921@gmail.com",
    "whatsappNumber": "+923412142556",
    "phone": null,
    "city": "TOBA TEK SINGH",
    "dateOfBirth": null,
    "hasLanguageTest": "yes",
    "testType": "ielts",
    "otherTestName": "",
    "testScore": "6.0",
    "educationLevel": "intermediate",
    "degreeGrade": "90",
    "fieldOfStudy": null,
    "preferredCountry": null,
    "interestedCountries": [
      "Finland"
    ],
    "preferredIntake": null,
    "budget": null,
    "englishTest": null,
    "workExperience": null,
    "additionalInfo": null,
    "message": "Assalamualaikum \nSir I have done Diploma of Associate Engineering in Mechanical field in 2010.\nPerformed job in PIA from 2011 to 2020.Now want to study in Finland.study gap is 15 years.\nMy friend is permanent resident of Finland and sponsoring me.",
    "documents": null,
    "status": "pending",
    "source": "Faisalabad Office",
    "assignedTo": null,
    "audioUrl": null,
    "createdAt": "2025-11-15T02:48:30.092Z"
  },
  {
    "id": 66,
    "fullName": "Aqsa",
    "name": null,
    "email": "aqsashahbaz103@gmail.com",
    "whatsappNumber": "+96893568042",
    "phone": null,
    "city": "Shahbaz",
    "dateOfBirth": null,
    "hasLanguageTest": "no",
    "testType": "",
    "otherTestName": "",
    "testScore": "",
    "educationLevel": "bachelors",
    "degreeGrade": "3.61",
    "fieldOfStudy": null,
    "preferredCountry": null,
    "interestedCountries": [
      "Germany"
    ],
    "preferredIntake": null,
    "budget": null,
    "englishTest": null,
    "workExperience": null,
    "additionalInfo": null,
    "message": "",
    "documents": null,
    "status": "pending",
    "source": "Bahawalpur Office",
    "assignedTo": null,
    "audioUrl": null,
    "createdAt": "2025-11-14T07:20:34.287Z"
  },
  {
    "id": 65,
    "fullName": "Misbah Rasool",
    "name": null,
    "email": "arahambashir3@gmail.com",
    "whatsappNumber": "+9203075339719",
    "phone": null,
    "city": "BAHAWALPUR",
    "dateOfBirth": null,
    "hasLanguageTest": "no",
    "testType": "",
    "otherTestName": "",
    "testScore": "",
    "educationLevel": "intermediate",
    "degreeGrade": "78%",
    "fieldOfStudy": null,
    "preferredCountry": null,
    "interestedCountries": [
      "Australia",
      "Canada",
      "United States",
      "United Kingdom",
      "Turkey"
    ],
    "preferredIntake": null,
    "budget": null,
    "englishTest": null,
    "workExperience": null,
    "additionalInfo": null,
    "message": "",
    "documents": null,
    "status": "pending",
    "source": "Bahawalpur Office",
    "assignedTo": null,
    "audioUrl": null,
    "createdAt": "2025-11-12T02:19:15.321Z"
  },
  {
    "id": 64,
    "fullName": "MUHAMMAD ARSLAN ARIF",
    "name": null,
    "email": "ARSLANBHATTI2610@GAMIL.COM",
    "whatsappNumber": "+9203056395973",
    "phone": null,
    "city": "SIALKOT",
    "dateOfBirth": null,
    "hasLanguageTest": "no",
    "testType": "",
    "otherTestName": "",
    "testScore": "",
    "educationLevel": "bachelors",
    "degreeGrade": "3.66/4.0",
    "fieldOfStudy": null,
    "preferredCountry": null,
    "interestedCountries": [
      "Finland"
    ],
    "preferredIntake": null,
    "budget": null,
    "englishTest": null,
    "workExperience": null,
    "additionalInfo": null,
    "message": "Greetings!\nDear team, i have done my graduation in physics in 2022, now i wanna do masters in finland , i need secholarship my budget is low. i have all documents but i didn't do any english speaking test. but i have english proficiency certificate also.",
    "documents": null,
    "status": "pending",
    "source": "Homepage",
    "assignedTo": null,
    "audioUrl": null,
    "createdAt": "2025-11-10T14:47:22.473Z"
  },
  {
    "id": 63,
    "fullName": "Muhammad Shahzad",
    "name": null,
    "email": "m.shahzadact@gmail.com",
    "whatsappNumber": "+923138765904",
    "phone": null,
    "city": "Karachi",
    "dateOfBirth": null,
    "hasLanguageTest": "no",
    "testType": "",
    "otherTestName": "",
    "testScore": "",
    "educationLevel": "bachelors",
    "degreeGrade": "2.5",
    "fieldOfStudy": null,
    "preferredCountry": null,
    "interestedCountries": [
      "United Kingdom"
    ],
    "preferredIntake": null,
    "budget": null,
    "englishTest": null,
    "workExperience": null,
    "additionalInfo": null,
    "message": "Please contact me asap, I have to intake for Jan 2026",
    "documents": null,
    "status": "pending",
    "source": "Homepage",
    "assignedTo": null,
    "audioUrl": null,
    "createdAt": "2025-11-07T10:53:00.664Z"
  },
  {
    "id": 62,
    "fullName": "Muhammad Shahzad",
    "name": null,
    "email": "m.shahzadact@gmail.com",
    "whatsappNumber": "+923138765904",
    "phone": null,
    "city": "Karachi",
    "dateOfBirth": null,
    "hasLanguageTest": "no",
    "testType": "",
    "otherTestName": "",
    "testScore": "",
    "educationLevel": "bachelors",
    "degreeGrade": "2.53",
    "fieldOfStudy": null,
    "preferredCountry": null,
    "interestedCountries": [
      "United Kingdom",
      "United States"
    ],
    "preferredIntake": null,
    "budget": null,
    "englishTest": null,
    "workExperience": null,
    "additionalInfo": null,
    "message": "I want to do complete Master in Actuarial Science from UK, USA. Please contact asap. i want to take enroll in jan 2026.",
    "documents": null,
    "status": "pending",
    "source": "Study Uk",
    "assignedTo": null,
    "audioUrl": null,
    "createdAt": "2025-11-07T09:28:54.282Z"
  },
  {
    "id": 61,
    "fullName": "MUHAMMAD SHAHBAZ",
    "name": null,
    "email": "shahbazhaider720@gmail.com",
    "whatsappNumber": "+923136534486",
    "phone": null,
    "city": "Nankana Sahib",
    "dateOfBirth": null,
    "hasLanguageTest": "yes",
    "testType": "ielts",
    "otherTestName": "",
    "testScore": "6.5",
    "educationLevel": "bachelors",
    "degreeGrade": "2.73/4",
    "fieldOfStudy": null,
    "preferredCountry": null,
    "interestedCountries": [
      "United Kingdom",
      "Germany",
      "Belgium",
      "Australia",
      "Canada",
      "Denmark",
      "Ireland",
      "Finland",
      "Sweden"
    ],
    "preferredIntake": null,
    "budget": null,
    "englishTest": null,
    "workExperience": null,
    "additionalInfo": null,
    "message": "",
    "documents": null,
    "status": "pending",
    "source": "Homepage",
    "assignedTo": null,
    "audioUrl": null,
    "createdAt": "2025-11-07T07:10:28.702Z"
  },
  {
    "id": 60,
    "fullName": "Asma Rafiq",
    "name": null,
    "email": "asmarafiqibex1@gmail.com",
    "whatsappNumber": "+923048517174",
    "phone": null,
    "city": "Bahawalpur",
    "dateOfBirth": null,
    "hasLanguageTest": "no",
    "testType": "",
    "otherTestName": "",
    "testScore": "",
    "educationLevel": "bachelors",
    "degreeGrade": "3.42",
    "fieldOfStudy": null,
    "preferredCountry": null,
    "interestedCountries": [
      "Turkey",
      "Other",
      "Finland"
    ],
    "preferredIntake": null,
    "budget": null,
    "englishTest": null,
    "workExperience": null,
    "additionalInfo": null,
    "message": "",
    "documents": null,
    "status": "pending",
    "source": "Bahawalpur Office",
    "assignedTo": null,
    "audioUrl": null,
    "createdAt": "2025-11-06T10:04:25.524Z"
  },
  {
    "id": 58,
    "fullName": "Muhammad Ahmad",
    "name": null,
    "email": "ahmadkhan1ak23@gmail.com",
    "whatsappNumber": "+923278555355",
    "phone": null,
    "city": "Swabi Kpk",
    "dateOfBirth": null,
    "hasLanguageTest": "yes",
    "testType": "pte",
    "otherTestName": "",
    "testScore": "54",
    "educationLevel": "bachelors",
    "degreeGrade": "2.86 ",
    "fieldOfStudy": null,
    "preferredCountry": null,
    "interestedCountries": [
      "Turkey"
    ],
    "preferredIntake": null,
    "budget": null,
    "englishTest": null,
    "workExperience": null,
    "additionalInfo": null,
    "message": "",
    "documents": null,
    "status": "pending",
    "source": "Homepage",
    "assignedTo": null,
    "audioUrl": null,
    "createdAt": "2025-11-03T13:16:05.506Z"
  },
  {
    "id": 57,
    "fullName": "Fahad Imran",
    "name": null,
    "email": "fahadimran0009@gmail.com",
    "whatsappNumber": "+923471727783",
    "phone": null,
    "city": "Fateh pur",
    "dateOfBirth": null,
    "hasLanguageTest": "no",
    "testType": "",
    "otherTestName": "",
    "testScore": "",
    "educationLevel": "bachelors",
    "degreeGrade": "62%",
    "fieldOfStudy": null,
    "preferredCountry": null,
    "interestedCountries": [
      "Cyprus",
      "Sweden",
      "Ireland",
      "Finland",
      "Belgium",
      "Germany"
    ],
    "preferredIntake": null,
    "budget": null,
    "englishTest": null,
    "workExperience": null,
    "additionalInfo": null,
    "message": "I want to study in European countries in which English language are spoken…",
    "documents": null,
    "status": "pending",
    "source": "Gujrat Office",
    "assignedTo": null,
    "audioUrl": null,
    "createdAt": "2025-11-01T20:11:36.947Z"
  },
  {
    "id": 56,
    "fullName": "Mehmood hafeez ",
    "name": null,
    "email": "hammadforex24@gmail.com",
    "whatsappNumber": "+9203431831023",
    "phone": null,
    "city": "Gujrat ",
    "dateOfBirth": null,
    "hasLanguageTest": "yes",
    "testType": "pte",
    "otherTestName": "",
    "testScore": "Overall 58 not Less than 52 ",
    "educationLevel": "bachelors",
    "degreeGrade": "62",
    "fieldOfStudy": null,
    "preferredCountry": null,
    "interestedCountries": [
      "United Kingdom",
      "Australia"
    ],
    "preferredIntake": null,
    "budget": null,
    "englishTest": null,
    "workExperience": null,
    "additionalInfo": null,
    "message": "",
    "documents": null,
    "status": "pending",
    "source": "Homepage",
    "assignedTo": null,
    "audioUrl": null,
    "createdAt": "2025-11-01T18:08:54.754Z"
  },
  {
    "id": 55,
    "fullName": "Bilal Ahmed",
    "name": null,
    "email": "bilal.ahmed0488@gmail.com",
    "whatsappNumber": "+923475688993",
    "phone": null,
    "city": "Sarai Alamgir",
    "dateOfBirth": null,
    "hasLanguageTest": "yes",
    "testType": "duolingo",
    "otherTestName": "",
    "testScore": "110",
    "educationLevel": "bachelors",
    "degreeGrade": "2.96",
    "fieldOfStudy": null,
    "preferredCountry": null,
    "interestedCountries": [
      "Finland",
      "Sweden",
      "Denmark",
      "Germany",
      "Belgium",
      "United States"
    ],
    "preferredIntake": null,
    "budget": null,
    "englishTest": null,
    "workExperience": null,
    "additionalInfo": null,
    "message": "",
    "documents": null,
    "status": "pending",
    "source": "Jhelum Office",
    "assignedTo": null,
    "audioUrl": null,
    "createdAt": "2025-11-01T10:37:20.235Z"
  },
  {
    "id": 52,
    "fullName": "Gull Sheir Meer",
    "name": null,
    "email": "gullsheirmeer@gmail.com",
    "whatsappNumber": "+923350660651",
    "phone": null,
    "city": "Gujrat",
    "dateOfBirth": null,
    "hasLanguageTest": "yes",
    "testType": "ielts",
    "otherTestName": "",
    "testScore": "6.5",
    "educationLevel": "masters",
    "degreeGrade": "Percentage 57.75",
    "fieldOfStudy": null,
    "preferredCountry": null,
    "interestedCountries": [
      "Sweden"
    ],
    "preferredIntake": null,
    "budget": null,
    "englishTest": null,
    "workExperience": null,
    "additionalInfo": null,
    "message": "",
    "documents": null,
    "status": "pending",
    "source": "Gujrat Office",
    "assignedTo": null,
    "audioUrl": null,
    "createdAt": "2025-10-31T06:10:33.675Z"
  },
  {
    "id": 46,
    "fullName": "Bilal Ahmad",
    "name": null,
    "email": "bilalahmad02020@gmail.com",
    "whatsappNumber": "+923156429839",
    "phone": null,
    "city": "Lahore",
    "dateOfBirth": null,
    "hasLanguageTest": "no",
    "testType": "",
    "otherTestName": "",
    "testScore": "",
    "educationLevel": "bachelors",
    "degreeGrade": "3.14",
    "fieldOfStudy": null,
    "preferredCountry": null,
    "interestedCountries": [
      "Sweden",
      "Germany",
      "Ireland"
    ],
    "preferredIntake": null,
    "budget": null,
    "englishTest": null,
    "workExperience": null,
    "additionalInfo": null,
    "message": "Information about admission process and fee ",
    "documents": null,
    "status": "pending",
    "source": "website",
    "assignedTo": null,
    "audioUrl": null,
    "createdAt": "2025-10-30T09:12:51.824Z"
  },
  {
    "id": 45,
    "fullName": "Amir sohail ",
    "name": null,
    "email": "amirsohail7246@gmail.com",
    "whatsappNumber": "+923207246880",
    "phone": null,
    "city": "Sialkot ",
    "dateOfBirth": null,
    "hasLanguageTest": "no",
    "testType": "",
    "otherTestName": "",
    "testScore": "",
    "educationLevel": "masters",
    "degreeGrade": "2.6",
    "fieldOfStudy": null,
    "preferredCountry": null,
    "interestedCountries": [
      "Germany",
      "Sweden",
      "Ireland"
    ],
    "preferredIntake": null,
    "budget": null,
    "englishTest": null,
    "workExperience": null,
    "additionalInfo": null,
    "message": "",
    "documents": null,
    "status": "pending",
    "source": "website",
    "assignedTo": null,
    "audioUrl": null,
    "createdAt": "2025-10-28T19:24:37.990Z"
  },
  {
    "id": 44,
    "fullName": "Umer Farooq",
    "name": null,
    "email": "solikatir@gmail.com",
    "whatsappNumber": "+923456787656",
    "phone": null,
    "city": "Sargodha",
    "dateOfBirth": null,
    "hasLanguageTest": "no",
    "testType": "",
    "otherTestName": "",
    "testScore": "",
    "educationLevel": "intermediate",
    "degreeGrade": "3.44",
    "fieldOfStudy": null,
    "preferredCountry": null,
    "interestedCountries": [
      "Germany"
    ],
    "preferredIntake": null,
    "budget": null,
    "englishTest": null,
    "workExperience": null,
    "additionalInfo": null,
    "message": "",
    "documents": null,
    "status": "pending",
    "source": "website",
    "assignedTo": null,
    "audioUrl": null,
    "createdAt": "2025-10-28T11:29:55.378Z"
  },
  {
    "id": 43,
    "fullName": "ahmad ",
    "name": null,
    "email": "m9082811@gmail.com",
    "whatsappNumber": "+923066512713",
    "phone": null,
    "city": "Sargodha",
    "dateOfBirth": null,
    "hasLanguageTest": "no",
    "testType": "",
    "otherTestName": "",
    "testScore": "",
    "educationLevel": "bachelors",
    "degreeGrade": "3.44",
    "fieldOfStudy": null,
    "preferredCountry": null,
    "interestedCountries": [
      "Turkey"
    ],
    "preferredIntake": null,
    "budget": null,
    "englishTest": null,
    "workExperience": null,
    "additionalInfo": null,
    "message": "apply",
    "documents": null,
    "status": "pending",
    "source": "website",
    "assignedTo": null,
    "audioUrl": null,
    "createdAt": "2025-10-28T05:55:57.625Z"
  },
  {
    "id": 41,
    "fullName": "Faizan Ali",
    "name": null,
    "email": "fch696171@gmail.com",
    "whatsappNumber": "+923036306263",
    "phone": null,
    "city": "Multan",
    "dateOfBirth": null,
    "hasLanguageTest": "no",
    "testType": "",
    "otherTestName": "",
    "testScore": "",
    "educationLevel": "intermediate",
    "degreeGrade": "2a 1 b",
    "fieldOfStudy": null,
    "preferredCountry": null,
    "interestedCountries": [
      "United Kingdom",
      "United States",
      "Finland"
    ],
    "preferredIntake": null,
    "budget": null,
    "englishTest": null,
    "workExperience": null,
    "additionalInfo": null,
    "message": "",
    "documents": null,
    "status": "pending",
    "source": "website",
    "assignedTo": null,
    "audioUrl": null,
    "createdAt": "2025-10-23T13:16:59.642Z"
  },
  {
    "id": 39,
    "fullName": "irfan Mr",
    "name": null,
    "email": "dev.irfankhan.pk@outlook.com",
    "whatsappNumber": "+923338988377",
    "phone": null,
    "city": "Mardan",
    "dateOfBirth": null,
    "hasLanguageTest": "no",
    "testType": "",
    "otherTestName": "",
    "testScore": "",
    "educationLevel": "masters",
    "degreeGrade": "3.14",
    "fieldOfStudy": null,
    "preferredCountry": null,
    "interestedCountries": [
      "Turkey",
      "Cyprus"
    ],
    "preferredIntake": null,
    "budget": null,
    "englishTest": null,
    "workExperience": null,
    "additionalInfo": null,
    "message": "hi, i have provided my contact no, i watched your videos on youtube, please contact me, so i can guide you further, thanks",
    "documents": null,
    "status": "pending",
    "source": "website",
    "assignedTo": null,
    "audioUrl": null,
    "createdAt": "2025-10-22T06:41:27.364Z"
  },
  {
    "id": 38,
    "fullName": "Ali Raza",
    "name": null,
    "email": "abdulmajeed9145@gmail.com",
    "whatsappNumber": "+923313144544",
    "phone": null,
    "city": "Gujrat",
    "dateOfBirth": null,
    "hasLanguageTest": "no",
    "testType": "",
    "otherTestName": "",
    "testScore": "",
    "educationLevel": "bachelors",
    "degreeGrade": "ABCD",
    "fieldOfStudy": null,
    "preferredCountry": null,
    "interestedCountries": [
      "Sweden"
    ],
    "preferredIntake": null,
    "budget": null,
    "englishTest": null,
    "workExperience": null,
    "additionalInfo": null,
    "message": "",
    "documents": null,
    "status": "pending",
    "source": "website",
    "assignedTo": null,
    "audioUrl": null,
    "createdAt": "2025-10-22T06:33:26.616Z"
  },
  {
    "id": 37,
    "fullName": "Bilal Saleem",
    "name": null,
    "email": "muhammadbilalsaleemmalik@gmail.com",
    "whatsappNumber": "+923454801844",
    "phone": null,
    "city": "KHUSHAB, SARGODHA",
    "dateOfBirth": null,
    "hasLanguageTest": "yes",
    "testType": "duolingo",
    "otherTestName": "",
    "testScore": "100",
    "educationLevel": "bachelors",
    "degreeGrade": "3.01",
    "fieldOfStudy": null,
    "preferredCountry": null,
    "interestedCountries": [
      "United States",
      "Other",
      "Finland"
    ],
    "preferredIntake": null,
    "budget": null,
    "englishTest": null,
    "workExperience": null,
    "additionalInfo": null,
    "message": "italy, Austria, France",
    "documents": null,
    "status": "pending",
    "source": "website",
    "assignedTo": null,
    "audioUrl": null,
    "createdAt": "2025-10-20T18:17:15.712Z"
  },
  {
    "id": 34,
    "fullName": "Ameer Hamza",
    "name": null,
    "email": "shkameerhamza1984@gmail.com",
    "whatsappNumber": "+923401249501",
    "phone": null,
    "city": "Bahawalpur ",
    "dateOfBirth": null,
    "hasLanguageTest": "no",
    "testType": "",
    "otherTestName": "",
    "testScore": "",
    "educationLevel": "bachelors",
    "degreeGrade": "3.22",
    "fieldOfStudy": null,
    "preferredCountry": null,
    "interestedCountries": [
      "Denmark",
      "Other"
    ],
    "preferredIntake": null,
    "budget": null,
    "englishTest": null,
    "workExperience": null,
    "additionalInfo": null,
    "message": "I am interested for applying to masters programs in Denmark and France.",
    "documents": null,
    "status": "pending",
    "source": "website",
    "assignedTo": null,
    "audioUrl": null,
    "createdAt": "2025-10-16T12:39:25.279Z"
  },
  {
    "id": 33,
    "fullName": "Muhammad Nabeel shakeel",
    "name": null,
    "email": "nabeelchoudary33@gmail.com",
    "whatsappNumber": "+9203480188351",
    "phone": null,
    "city": "Sialkot ",
    "dateOfBirth": null,
    "hasLanguageTest": "no",
    "testType": "",
    "otherTestName": "",
    "testScore": "",
    "educationLevel": "bachelors",
    "degreeGrade": "3.4",
    "fieldOfStudy": null,
    "preferredCountry": null,
    "interestedCountries": [
      "Australia"
    ],
    "preferredIntake": null,
    "budget": null,
    "englishTest": null,
    "workExperience": null,
    "additionalInfo": null,
    "message": "",
    "documents": null,
    "status": "pending",
    "source": "website",
    "assignedTo": null,
    "audioUrl": null,
    "createdAt": "2025-10-15T10:14:01.330Z"
  },
  {
    "id": 32,
    "fullName": "Muhammad Asad",
    "name": null,
    "email": "asad6458242@gmail.com",
    "whatsappNumber": "+923466458221",
    "phone": null,
    "city": "Mandi Baha uddin ",
    "dateOfBirth": null,
    "hasLanguageTest": "no",
    "testType": "",
    "otherTestName": "",
    "testScore": "",
    "educationLevel": "phd",
    "degreeGrade": "3.93",
    "fieldOfStudy": null,
    "preferredCountry": null,
    "interestedCountries": [
      "Finland"
    ],
    "preferredIntake": null,
    "budget": null,
    "englishTest": null,
    "workExperience": null,
    "additionalInfo": null,
    "message": "",
    "documents": null,
    "status": "contacted",
    "source": "website",
    "assignedTo": null,
    "audioUrl": null,
    "createdAt": "2025-10-14T15:18:40.246Z"
  },
  {
    "id": 31,
    "fullName": "Hamza Javed",
    "name": null,
    "email": "ihamzajaved00@gmail.com",
    "whatsappNumber": "+923156948786",
    "phone": null,
    "city": "Jeddah",
    "dateOfBirth": null,
    "hasLanguageTest": "no",
    "testType": "",
    "otherTestName": "",
    "testScore": "",
    "educationLevel": "bachelors",
    "degreeGrade": "2.2",
    "fieldOfStudy": null,
    "preferredCountry": null,
    "interestedCountries": [
      "Belgium",
      "Ireland",
      "Germany",
      "Finland",
      "Sweden",
      "Denmark"
    ],
    "preferredIntake": null,
    "budget": null,
    "englishTest": null,
    "workExperience": null,
    "additionalInfo": null,
    "message": "My CGPA in Bachelors is 2.2/4.\nI did Software Engineering from CUST,Islamabad & Graduated in Feb 2025.\nI want to go for MSc Cyber Security in Europe.\nI am in Saudi Arabia & have a valid Iqama as well. \nPlease Let me know where can I get admission in Europe.",
    "documents": null,
    "status": "contacted",
    "source": "website",
    "assignedTo": null,
    "audioUrl": null,
    "createdAt": "2025-10-14T12:55:33.140Z"
  },
  {
    "id": 30,
    "fullName": null,
    "name": "Tajamal Hussain",
    "email": "maliktajamal007@gmail.com",
    "whatsappNumber": null,
    "phone": "+923116939877",
    "city": "Gujrat",
    "dateOfBirth": null,
    "hasLanguageTest": null,
    "testType": null,
    "otherTestName": null,
    "testScore": null,
    "educationLevel": "Not specified",
    "degreeGrade": null,
    "fieldOfStudy": "Not specified",
    "preferredCountry": "Sweden",
    "interestedCountries": null,
    "preferredIntake": null,
    "budget": null,
    "englishTest": null,
    "workExperience": null,
    "additionalInfo": "Language Test: Not taken",
    "message": null,
    "documents": null,
    "status": "contacted",
    "source": "Gujrat Office",
    "assignedTo": null,
    "audioUrl": null,
    "createdAt": "2025-10-13T18:04:49.785Z"
  },
  {
    "id": 22,
    "fullName": null,
    "name": "momin shahzadi",
    "email": "mominshahzadi3@gmail.com",
    "whatsappNumber": null,
    "phone": "03400402588",
    "city": null,
    "dateOfBirth": null,
    "hasLanguageTest": null,
    "testType": null,
    "otherTestName": null,
    "testScore": null,
    "educationLevel": "Not specified",
    "degreeGrade": null,
    "fieldOfStudy": "General inquiry",
    "preferredCountry": "Canada",
    "interestedCountries": null,
    "preferredIntake": null,
    "budget": null,
    "englishTest": null,
    "workExperience": null,
    "additionalInfo": "bs chemistry ky 7 smester main hun to masters k lyay apply krny ka best time konsa h\nbest university or country konsa h masters in chemistry k lyay",
    "message": null,
    "documents": null,
    "status": "pending",
    "source": "website",
    "assignedTo": null,
    "audioUrl": null,
    "createdAt": "2025-09-30T15:51:20.528Z"
  },
  {
    "id": 21,
    "fullName": null,
    "name": "Hassan raza",
    "email": "hraza2955@gmail.com",
    "whatsappNumber": null,
    "phone": "03432184982",
    "city": null,
    "dateOfBirth": null,
    "hasLanguageTest": null,
    "testType": null,
    "otherTestName": null,
    "testScore": null,
    "educationLevel": "Not specified",
    "degreeGrade": null,
    "fieldOfStudy": "General inquiry",
    "preferredCountry": "Australia",
    "interestedCountries": null,
    "preferredIntake": null,
    "budget": null,
    "englishTest": null,
    "workExperience": null,
    "additionalInfo": "I am Hasan Raza from Sialkot, Pakistan. I have completed a 2-year Bachelor (Associate Degree) in Business Administration and Commerce from the University of Management and Technology, Lahore. Now I want to study in Australia at Baxter Institute, Melbourne. The courses I am interested in are Certificate III, Certificate IV, and Diploma in Automotive. I would like to know if my case is possible and how the process can be done through your consultancy.",
    "message": null,
    "documents": null,
    "status": "pending",
    "source": "website",
    "assignedTo": null,
    "audioUrl": null,
    "createdAt": "2025-09-30T00:03:07.928Z"
  },
  {
    "id": 16,
    "fullName": null,
    "name": "Rimsha ",
    "email": "rimshaakhter22@gmail.com",
    "whatsappNumber": null,
    "phone": "03170894690",
    "city": null,
    "dateOfBirth": null,
    "hasLanguageTest": null,
    "testType": null,
    "otherTestName": null,
    "testScore": null,
    "educationLevel": "Not specified",
    "degreeGrade": null,
    "fieldOfStudy": "General inquiry",
    "preferredCountry": "United Kingdom",
    "interestedCountries": null,
    "preferredIntake": null,
    "budget": null,
    "englishTest": null,
    "workExperience": null,
    "additionalInfo": "i dont have money  bt i want scholorship for study visa for study",
    "message": null,
    "documents": null,
    "status": "pending",
    "source": "website",
    "assignedTo": null,
    "audioUrl": null,
    "createdAt": "2025-09-25T15:06:43.034Z"
  },
  {
    "id": 14,
    "fullName": null,
    "name": "Saiqa",
    "email": "ashrafshahida74@gmail.com",
    "whatsappNumber": null,
    "phone": "03706278389",
    "city": null,
    "dateOfBirth": null,
    "hasLanguageTest": null,
    "testType": null,
    "otherTestName": null,
    "testScore": null,
    "educationLevel": "Not specified",
    "degreeGrade": null,
    "fieldOfStudy": "General inquiry",
    "preferredCountry": "Finland",
    "interestedCountries": null,
    "preferredIntake": null,
    "budget": null,
    "englishTest": null,
    "workExperience": null,
    "additionalInfo": "Ms in public health",
    "message": null,
    "documents": null,
    "status": "pending",
    "source": "website",
    "assignedTo": null,
    "audioUrl": null,
    "createdAt": "2025-09-23T09:36:53.114Z"
  },
  {
    "id": 13,
    "fullName": null,
    "name": "usman ahmed ",
    "email": "butt74743@gmail.com",
    "whatsappNumber": null,
    "phone": "03094112138",
    "city": null,
    "dateOfBirth": null,
    "hasLanguageTest": null,
    "testType": null,
    "otherTestName": null,
    "testScore": null,
    "educationLevel": "Not specified",
    "degreeGrade": null,
    "fieldOfStudy": "General inquiry",
    "preferredCountry": "Canada",
    "interestedCountries": null,
    "preferredIntake": null,
    "budget": null,
    "englishTest": null,
    "workExperience": null,
    "additionalInfo": "",
    "message": null,
    "documents": null,
    "status": "pending",
    "source": "website",
    "assignedTo": null,
    "audioUrl": null,
    "createdAt": "2025-09-23T09:01:49.249Z"
  },
  {
    "id": 12,
    "fullName": null,
    "name": "Abdullah Aslam",
    "email": "Abdullahaslam12006@gmail.com",
    "whatsappNumber": null,
    "phone": "03436495644",
    "city": null,
    "dateOfBirth": null,
    "hasLanguageTest": null,
    "testType": null,
    "otherTestName": null,
    "testScore": null,
    "educationLevel": "Not specified",
    "degreeGrade": null,
    "fieldOfStudy": "General inquiry",
    "preferredCountry": "United Kingdom",
    "interestedCountries": null,
    "preferredIntake": null,
    "budget": null,
    "englishTest": null,
    "workExperience": null,
    "additionalInfo": "",
    "message": null,
    "documents": null,
    "status": "pending",
    "source": "website",
    "assignedTo": null,
    "audioUrl": null,
    "createdAt": "2025-09-22T15:46:13.744Z"
  },
  {
    "id": 9,
    "fullName": null,
    "name": "Sara Ali Khan",
    "email": "sara.alikhan@gmail.com",
    "whatsappNumber": null,
    "phone": "+92-344-8888888",
    "city": null,
    "dateOfBirth": null,
    "hasLanguageTest": null,
    "testType": null,
    "otherTestName": null,
    "testScore": null,
    "educationLevel": "Not specified",
    "degreeGrade": null,
    "fieldOfStudy": "General inquiry",
    "preferredCountry": "United Kingdom",
    "interestedCountries": null,
    "preferredIntake": null,
    "budget": null,
    "englishTest": null,
    "workExperience": null,
    "additionalInfo": "I want to pursue PhD in Computer Science from UK universities. I have completed my Masters with distinction and have 2 research publications. Please help me with university selection and funding opportunities.",
    "message": null,
    "documents": null,
    "status": "pending",
    "source": "website",
    "assignedTo": null,
    "audioUrl": null,
    "createdAt": "2025-09-19T17:51:34.034Z"
  },
  {
    "id": 8,
    "fullName": null,
    "name": "Fatima Ahmed",
    "email": "fatima.ahmed@outlook.com",
    "whatsappNumber": null,
    "phone": "+92-333-7777777",
    "city": null,
    "dateOfBirth": null,
    "hasLanguageTest": null,
    "testType": null,
    "otherTestName": null,
    "testScore": null,
    "educationLevel": "Not specified",
    "degreeGrade": null,
    "fieldOfStudy": "General inquiry",
    "preferredCountry": "Canada",
    "interestedCountries": null,
    "preferredIntake": null,
    "budget": null,
    "englishTest": null,
    "workExperience": null,
    "additionalInfo": "I want to study Masters in Business Administration (MBA) in Canada. I have 4 years work experience in banking sector and IELTS score of 7.5. Please guide me about the best universities and scholarship opportunities.",
    "message": null,
    "documents": null,
    "status": "pending",
    "source": "website",
    "assignedTo": null,
    "audioUrl": null,
    "createdAt": "2025-09-19T17:51:08.061Z"
  },
  {
    "id": 5,
    "fullName": null,
    "name": "Ahmed Hassan Khan",
    "email": "ahmed.hassan@gmail.com",
    "whatsappNumber": null,
    "phone": "+92-321-5678901",
    "city": null,
    "dateOfBirth": null,
    "hasLanguageTest": null,
    "testType": null,
    "otherTestName": null,
    "testScore": null,
    "educationLevel": "Not specified",
    "degreeGrade": null,
    "fieldOfStudy": "General inquiry",
    "preferredCountry": "United Kingdom",
    "interestedCountries": null,
    "preferredIntake": null,
    "budget": null,
    "englishTest": null,
    "workExperience": null,
    "additionalInfo": "I am interested in applying for a Masters in Computer Science program in UK universities. I have completed my Bachelors in Software Engineering with 3.2 CGPA. I need guidance on IELTS preparation, university selection, and visa process. My budget is around 25-30 lakh PKR. Please advise on the best pathway forward.",
    "message": null,
    "documents": null,
    "status": "pending",
    "source": "website",
    "assignedTo": null,
    "audioUrl": null,
    "createdAt": "2025-09-19T17:47:20.826Z"
  }
]