[
  {
    "id": 10,
    "title": "Study Abroad In-House Expo – Gujrat",
    "link": "https://dunyaconsultants.com/events/register-now?event=study-abroad-expo-gujrat",
    "embedType": "none",
    "embedContent": "",
    "scanCount": 5,
    "qrImageUrl": "/qr-codes/qr-1765190356509-ad71ded86cb3790c.png",
    "createdBy": 1,
    "trashedAt": null,
    "trashedBy": null,
    "trashReason": null,
    "createdAt": "2025-12-08T09:57:32.937Z"
  },
  {
    "id": 9,
    "title": "Master IELTS Mandi Bahauddin",
    "link": "https://dunyaconsultants.com/events/register-now?event=ielts-mock-test-master-session",
    "embedType": "none",
    "embedContent": "",
    "scanCount": 2,
    "qrImageUrl": "/qr-codes/qr-1765189986043-f13efe531456841a.png",
    "createdBy": 5,
    "trashedAt": null,
    "trashedBy": null,
    "trashReason": null,
    "createdAt": "2025-12-03T11:22:12.740Z"
  },
  {
    "id": 8,
    "title": "Sialkot GMB Reviews",
    "link": "https://www.google.com/maps/place/Dunya+Consultants+Sialkot/@32.51672,74.5592842,17z/data=!3m1!5s0x391eeae3416b0219:0x99cb4f591325e597!4m8!3m7!1s0xfa0f9fbb6589fc5:0x470924558baca092!8m2!3d32.51672!4d74.5592842!9m1!1b1!16s%2Fg%2F11vyxn2tn9?entry=ttu&g_ep=EgoyMDI1MTEyMy4xIKXMDSoASAFQAw%3D%3D",
    "embedType": "none",
    "embedContent": "",
    "scanCount": 3,
    "qrImageUrl": "/qr-codes/qr-1764152841816-2b2a53f42ac76440.png",
    "createdBy": 5,
    "trashedAt": null,
    "trashedBy": null,
    "trashReason": null,
    "createdAt": "2025-11-26T10:27:21.779Z"
  },
  {
    "id": 7,
    "title": "Study Abroad Expo Sargodha Office",
    "link": "https://dunyaconsultants.com/events/register-now?event=expo-sargodha",
    "embedType": "none",
    "embedContent": "",
    "scanCount": 8,
    "qrImageUrl": "/qr-codes/qr-1763656193278-5a1365c5ce5159b5.png",
    "createdBy": 5,
    "trashedAt": null,
    "trashedBy": null,
    "trashReason": null,
    "createdAt": "2025-11-20T11:58:54.280Z"
  },
  {
    "id": 5,
    "title": "Sialkot Open Day",
    "link": "https://dunyaconsultants.com/events/register-now?event=Sialkot%20Open%20Day",
    "embedType": "none",
    "embedContent": "",
    "scanCount": 99,
    "qrImageUrl": "/qr-codes/qr-1763459215167-e1118785a8189cc7.png",
    "createdBy": 1,
    "trashedAt": null,
    "trashedBy": null,
    "trashReason": null,
    "createdAt": "2025-11-12T07:34:43.344Z"
  },
  {
    "id": 4,
    "title": "Gujranwala Open Day",
    "link": "https://dunyaconsultants.com/events/register-now?event=gujranwala-in-house-expo",
    "embedType": "none",
    "embedContent": "",
    "scanCount": 19,
    "qrImageUrl": "/qr-codes/qr-1762492143526-9b3c6eebdba525a9.png",
    "createdBy": 1,
    "trashedAt": null,
    "trashedBy": null,
    "trashReason": null,
    "createdAt": "2025-10-20T12:07:05.026Z"
  },
  {
    "id": 3,
    "title": "Free IELTS Masterclass",
    "link": "https://dunyaconsultants.com/events/register-now?event=free-ielts-masterclass",
    "embedType": "none",
    "embedContent": "",
    "scanCount": 0,
    "qrImageUrl": "/qr-codes/qr-1762492561513-3a33bde17d2073e5.png",
    "createdBy": 1,
    "trashedAt": null,
    "trashedBy": null,
    "trashReason": null,
    "createdAt": "2025-10-13T11:21:41.072Z"
  },
  {
    "id": 2,
    "title": "Bahawalpur Open Day",
    "link": "https://dunyaconsultants.com/events/register-now?event=bahawalpur-open-day",
    "embedType": "image",
    "embedContent": "https://dunyaconsultants.com/favicon.png",
    "scanCount": 18,
    "qrImageUrl": "/qr-codes/qr-1760004550922-39a5bfe8e4a6a735.png",
    "createdBy": 1,
    "trashedAt": null,
    "trashedBy": null,
    "trashReason": null,
    "createdAt": "2025-10-09T08:14:21.154Z"
  }
]