[
  {
    "id": 13,
    "username": "sktbranch",
    "password": "[REDACTED]",
    "email": "hamzasabir@dunyaconsultants.com",
    "displayName": "Sialkot Branch",
    "roles": [
      "events_manager"
    ],
    "permissions": {
      "canAccessEvents": true,
      "canAccessQRScanner": true,
      "canDownloadRegistrations": true
    },
    "isActive": true,
    "lastLogin": "2025-11-26T05:41:11.519Z",
    "trashedAt": null,
    "trashedBy": null,
    "trashReason": null,
    "createdAt": "2025-11-20T11:27:03.244Z"
  },
  {
    "id": 12,
    "username": "marketingdpt",
    "password": "[REDACTED]",
    "email": "humayunjohn52@gmail.com",
    "displayName": "DC Marketing DPT.",
    "roles": [
      "events_manager"
    ],
    "permissions": {
      "canAccessEvents": true,
      "canAccessQRScanner": true,
      "canDownloadRegistrations": true
    },
    "isActive": true,
    "lastLogin": "2025-11-28T04:59:56.411Z",
    "trashedAt": null,
    "trashedBy": null,
    "trashReason": null,
    "createdAt": "2025-11-01T05:30:21.670Z"
  },
  {
    "id": 11,
    "username": "gwjadmin",
    "password": "[REDACTED]",
    "email": "usama.bashir@teamdunya.com",
    "displayName": "Gujranwala Branch",
    "roles": [
      "events_manager"
    ],
    "permissions": {
      "canAccessEvents": true,
      "canAccessQRScanner": true,
      "canDownloadRegistrations": true
    },
    "isActive": true,
    "lastLogin": "2025-11-06T07:33:21.702Z",
    "trashedAt": null,
    "trashedBy": null,
    "trashReason": null,
    "createdAt": "2025-10-23T05:22:25.142Z"
  },
  {
    "id": 10,
    "username": "bwpadmin",
    "password": "[REDACTED]",
    "email": "khalilryk22@gmail.com",
    "displayName": "Bahawalpur Branch",
    "roles": [
      "events_manager"
    ],
    "permissions": {
      "canAccessEvents": true,
      "canAccessQRScanner": true,
      "canDownloadRegistrations": true
    },
    "isActive": true,
    "lastLogin": "2025-11-20T08:00:12.211Z",
    "trashedAt": null,
    "trashedBy": null,
    "trashReason": null,
    "createdAt": "2025-10-09T12:01:37.388Z"
  },
  {
    "id": 9,
    "username": "abuzar",
    "password": "[REDACTED]",
    "email": "zarchohan@gmail.com",
    "displayName": "Counselor Europe",
    "roles": [
      "leads_manager",
      "editor"
    ],
    "permissions": {
      "canCreate": true,
      "canEdit": true,
      "canPublish": false,
      "canDelete": false,
      "canManageUsers": true,
      "canManageCategories": false,
      "canViewAnalytics": false,
      "canManageMedia": false,
      "canManageLeads": true,
      "canAccessEvents": false
    },
    "isActive": true,
    "lastLogin": "2025-12-09T06:54:18.989Z",
    "trashedAt": null,
    "trashedBy": null,
    "trashReason": null,
    "createdAt": "2025-10-08T10:40:53.299Z"
  },
  {
    "id": 5,
    "username": "mubashir",
    "password": "[REDACTED]",
    "email": "mubashir2good@gmail.com",
    "displayName": "Content Writer",
    "roles": [
      "admin"
    ],
    "permissions": {},
    "isActive": true,
    "lastLogin": "2025-12-04T06:59:09.544Z",
    "trashedAt": null,
    "trashedBy": null,
    "trashReason": null,
    "createdAt": "2025-09-24T10:24:16.605Z"
  },
  {
    "id": 1,
    "username": "dunyasgd",
    "password": "[REDACTED]",
    "email": "admin@dunyaconsultants.com",
    "displayName": "Team Dunya Consultants",
    "roles": [
      "admin"
    ],
    "permissions": {},
    "isActive": true,
    "lastLogin": "2025-12-15T06:40:57.332Z",
    "trashedAt": null,
    "trashedBy": null,
    "trashReason": null,
    "createdAt": "2025-07-22T11:02:51.055Z"
  }
]