[
  {
    "id": 28,
    "name": "kok",
    "email": "humayunjohn52@gmail.com",
    "phone": "+92000000000",
    "city": "hui",
    "dateOfBirth": null,
    "educationLevel": "Not specified",
    "fieldOfStudy": "Not specified",
    "preferredCountry": "United States",
    "preferredIntake": null,
    "budget": null,
    "englishTest": null,
    "workExperience": null,
    "additionalInfo": "kok",
    "documents": null,
    "status": "pending",
    "source": "Sargodha Office",
    "createdAt": "2025-10-11T06:25:23.165Z"
  },
  {
    "id": 27,
    "name": "test page fatch",
    "email": "mubashir2good@gmail.com",
    "phone": "+923061340017",
    "city": "Xcon Sargodha",
    "dateOfBirth": null,
    "educationLevel": "Not specified",
    "fieldOfStudy": "Not specified",
    "preferredCountry": "Australia, Germany, Finland",
    "preferredIntake": null,
    "budget": null,
    "englishTest": null,
    "workExperience": null,
    "additionalInfo": "Language Test: TOEFL - Score: 7",
    "documents": null,
    "status": "pending",
    "source": "IELTS Page",
    "createdAt": "2025-10-11T05:05:40.369Z"
  },
  {
    "id": 26,
    "name": "Testing New Multilevel Form",
    "email": "mubashir2good@gmail.com",
    "phone": "+923061340017",
    "city": "Sargodha",
    "dateOfBirth": null,
    "educationLevel": "Not specified",
    "fieldOfStudy": "Not specified",
    "preferredCountry": "United Kingdom, Canada, Australia, Germany",
    "preferredIntake": null,
    "budget": null,
    "englishTest": null,
    "workExperience": null,
    "additionalInfo": "Language Test: IELTS - Score: 6.4",
    "documents": null,
    "status": "pending",
    "source": "Homepage",
    "createdAt": "2025-10-11T05:02:20.821Z"
  },
  {
    "id": 25,
    "name": "Test Cairo City Page Lead",
    "email": "mubashir2good@gmail.com",
    "phone": "+201029093496",
    "city": "Alexendria",
    "dateOfBirth": null,
    "educationLevel": "Not specified",
    "fieldOfStudy": "Not specified",
    "preferredCountry": "United States, Australia",
    "preferredIntake": null,
    "budget": null,
    "englishTest": null,
    "workExperience": null,
    "additionalInfo": "Language Test: Not taken",
    "documents": null,
    "status": "pending",
    "source": "Cairo Office",
    "createdAt": "2025-10-10T12:33:48.467Z"
  },
  {
    "id": 24,
    "name": "Test Lead Main Offices Page",
    "email": "mubashir2good@gmail.com",
    "phone": "+923061340017",
    "city": "Sargodha",
    "dateOfBirth": null,
    "educationLevel": "Not specified",
    "fieldOfStudy": "Not specified",
    "preferredCountry": "United Kingdom, Australia",
    "preferredIntake": null,
    "budget": null,
    "englishTest": null,
    "workExperience": null,
    "additionalInfo": "Language Test: IELTS - Score: 7",
    "documents": null,
    "status": "pending",
    "source": "Website - Unknown Page",
    "createdAt": "2025-10-10T12:31:46.474Z"
  },
  {
    "id": 23,
    "name": "test new form",
    "email": "mubashir2good@gmail.com",
    "phone": "+923061340017",
    "city": "xcon",
    "dateOfBirth": null,
    "educationLevel": "Not specified",
    "fieldOfStudy": "Not specified",
    "preferredCountry": "Canada, Germany, Finland",
    "preferredIntake": null,
    "budget": null,
    "englishTest": null,
    "workExperience": null,
    "additionalInfo": "Language Test: IELTS - Score: 7",
    "documents": null,
    "status": "pending",
    "source": "Homepage",
    "createdAt": "2025-10-10T08:07:41.406Z"
  },
  {
    "id": 22,
    "name": "momin shahzadi",
    "email": "mominshahzadi3@gmail.com",
    "phone": "03400402588",
    "city": null,
    "dateOfBirth": null,
    "educationLevel": "Not specified",
    "fieldOfStudy": "General inquiry",
    "preferredCountry": "Canada",
    "preferredIntake": null,
    "budget": null,
    "englishTest": null,
    "workExperience": null,
    "additionalInfo": "bs chemistry ky 7 smester main hun to masters k lyay apply krny ka best time konsa h\nbest university or country konsa h masters in chemistry k lyay",
    "documents": null,
    "status": "pending",
    "source": "website",
    "createdAt": "2025-09-30T15:51:20.528Z"
  },
  {
    "id": 21,
    "name": "Hassan raza",
    "email": "hraza2955@gmail.com",
    "phone": "03432184982",
    "city": null,
    "dateOfBirth": null,
    "educationLevel": "Not specified",
    "fieldOfStudy": "General inquiry",
    "preferredCountry": "Australia",
    "preferredIntake": null,
    "budget": null,
    "englishTest": null,
    "workExperience": null,
    "additionalInfo": "I am Hasan Raza from Sialkot, Pakistan. I have completed a 2-year Bachelor (Associate Degree) in Business Administration and Commerce from the University of Management and Technology, Lahore. Now I want to study in Australia at Baxter Institute, Melbourne. The courses I am interested in are Certificate III, Certificate IV, and Diploma in Automotive. I would like to know if my case is possible and how the process can be done through your consultancy.",
    "documents": null,
    "status": "pending",
    "source": "website",
    "createdAt": "2025-09-30T00:03:07.928Z"
  },
  {
    "id": 20,
    "name": "TEST",
    "email": "usmanshahid34466@gmail.com",
    "phone": "3446685588",
    "city": null,
    "dateOfBirth": null,
    "educationLevel": "Not specified",
    "fieldOfStudy": "General inquiry",
    "preferredCountry": "Belgium",
    "preferredIntake": null,
    "budget": null,
    "englishTest": null,
    "workExperience": null,
    "additionalInfo": "jgywertyuiosdfghjxcvbnm",
    "documents": null,
    "status": "pending",
    "source": "website",
    "createdAt": "2025-09-29T09:54:23.109Z"
  },
  {
    "id": 19,
    "name": "Usman",
    "email": "usmanshahid34466@gmail.com",
    "phone": "3446685588",
    "city": null,
    "dateOfBirth": null,
    "educationLevel": "Not specified",
    "fieldOfStudy": "General inquiry",
    "preferredCountry": "United Kingdom",
    "preferredIntake": null,
    "budget": null,
    "englishTest": null,
    "workExperience": null,
    "additionalInfo": "laKVDB EFHX JBSCX EHD CBD DC D",
    "documents": null,
    "status": "pending",
    "source": "website",
    "createdAt": "2025-09-29T09:47:53.909Z"
  },
  {
    "id": 18,
    "name": "Usman",
    "email": "usmanshahid34466@gmail.com",
    "phone": "3446685588",
    "city": null,
    "dateOfBirth": null,
    "educationLevel": "Not specified",
    "fieldOfStudy": "General inquiry",
    "preferredCountry": "United Kingdom",
    "preferredIntake": null,
    "budget": null,
    "englishTest": null,
    "workExperience": null,
    "additionalInfo": "lsdkjfldskmclkdsv",
    "documents": null,
    "status": "pending",
    "source": "website",
    "createdAt": "2025-09-29T08:34:12.125Z"
  },
  {
    "id": 17,
    "name": "TEST",
    "email": "usmanshahid34466@gmail.com",
    "phone": "3446685588",
    "city": null,
    "dateOfBirth": null,
    "educationLevel": "Not specified",
    "fieldOfStudy": "General inquiry",
    "preferredCountry": "United Kingdom",
    "preferredIntake": null,
    "budget": null,
    "englishTest": null,
    "workExperience": null,
    "additionalInfo": "This is for testing",
    "documents": null,
    "status": "pending",
    "source": "website",
    "createdAt": "2025-09-27T09:57:43.486Z"
  },
  {
    "id": 16,
    "name": "Rimsha ",
    "email": "rimshaakhter22@gmail.com",
    "phone": "03170894690",
    "city": null,
    "dateOfBirth": null,
    "educationLevel": "Not specified",
    "fieldOfStudy": "General inquiry",
    "preferredCountry": "United Kingdom",
    "preferredIntake": null,
    "budget": null,
    "englishTest": null,
    "workExperience": null,
    "additionalInfo": "i dont have money  bt i want scholorship for study visa for study",
    "documents": null,
    "status": "pending",
    "source": "website",
    "createdAt": "2025-09-25T15:06:43.034Z"
  },
  {
    "id": 15,
    "name": "Test User",
    "email": "test@example.com",
    "phone": "+92 300 1234567",
    "city": null,
    "dateOfBirth": null,
    "educationLevel": "Not specified",
    "fieldOfStudy": "General inquiry",
    "preferredCountry": "Canada",
    "preferredIntake": null,
    "budget": null,
    "englishTest": null,
    "workExperience": null,
    "additionalInfo": "Testing Google Sheets integration for consultation form",
    "documents": null,
    "status": "pending",
    "source": "website",
    "createdAt": "2025-09-23T12:27:21.836Z"
  },
  {
    "id": 14,
    "name": "Saiqa",
    "email": "ashrafshahida74@gmail.com",
    "phone": "03706278389",
    "city": null,
    "dateOfBirth": null,
    "educationLevel": "Not specified",
    "fieldOfStudy": "General inquiry",
    "preferredCountry": "Finland",
    "preferredIntake": null,
    "budget": null,
    "englishTest": null,
    "workExperience": null,
    "additionalInfo": "Ms in public health",
    "documents": null,
    "status": "pending",
    "source": "website",
    "createdAt": "2025-09-23T09:36:53.114Z"
  },
  {
    "id": 13,
    "name": "usman ahmed ",
    "email": "butt74743@gmail.com",
    "phone": "03094112138",
    "city": null,
    "dateOfBirth": null,
    "educationLevel": "Not specified",
    "fieldOfStudy": "General inquiry",
    "preferredCountry": "Canada",
    "preferredIntake": null,
    "budget": null,
    "englishTest": null,
    "workExperience": null,
    "additionalInfo": "",
    "documents": null,
    "status": "pending",
    "source": "website",
    "createdAt": "2025-09-23T09:01:49.249Z"
  },
  {
    "id": 12,
    "name": "Abdullah Aslam",
    "email": "Abdullahaslam12006@gmail.com",
    "phone": "03436495644",
    "city": null,
    "dateOfBirth": null,
    "educationLevel": "Not specified",
    "fieldOfStudy": "General inquiry",
    "preferredCountry": "United Kingdom",
    "preferredIntake": null,
    "budget": null,
    "englishTest": null,
    "workExperience": null,
    "additionalInfo": "",
    "documents": null,
    "status": "pending",
    "source": "website",
    "createdAt": "2025-09-22T15:46:13.744Z"
  },
  {
    "id": 11,
    "name": "TEST USER 2 - Ayesha Khan",
    "email": "ayesha.test@dunyaconsultants.com",
    "phone": "+92-333-7788990",
    "city": null,
    "dateOfBirth": null,
    "educationLevel": "Not specified",
    "fieldOfStudy": "General inquiry",
    "preferredCountry": "Germany",
    "preferredIntake": null,
    "budget": null,
    "englishTest": null,
    "workExperience": null,
    "additionalInfo": "Second test entry for Google Sheets verification. This proves the consultation form is working perfectly! Time: 9:38 AM PKT.",
    "documents": null,
    "status": "pending",
    "source": "website",
    "createdAt": "2025-09-20T09:38:03.677Z"
  },
  {
    "id": 10,
    "name": "TEST SUBMISSION - Ali Hassan",
    "email": "ali.test@dunyaconsultants.com",
    "phone": "+92-300-1234567",
    "city": null,
    "dateOfBirth": null,
    "educationLevel": "Not specified",
    "fieldOfStudy": "General inquiry",
    "preferredCountry": "Canada",
    "preferredIntake": null,
    "budget": null,
    "englishTest": null,
    "workExperience": null,
    "additionalInfo": "This is test data to verify Google Sheets integration. Submitted at 9:37 AM PKT on September 20, 2025. Please check your Google Sheet for this entry!",
    "documents": null,
    "status": "pending",
    "source": "website",
    "createdAt": "2025-09-20T09:37:42.968Z"
  },
  {
    "id": 9,
    "name": "Sara Ali Khan",
    "email": "sara.alikhan@gmail.com",
    "phone": "+92-344-8888888",
    "city": null,
    "dateOfBirth": null,
    "educationLevel": "Not specified",
    "fieldOfStudy": "General inquiry",
    "preferredCountry": "United Kingdom",
    "preferredIntake": null,
    "budget": null,
    "englishTest": null,
    "workExperience": null,
    "additionalInfo": "I want to pursue PhD in Computer Science from UK universities. I have completed my Masters with distinction and have 2 research publications. Please help me with university selection and funding opportunities.",
    "documents": null,
    "status": "pending",
    "source": "website",
    "createdAt": "2025-09-19T17:51:34.034Z"
  },
  {
    "id": 8,
    "name": "Fatima Ahmed",
    "email": "fatima.ahmed@outlook.com",
    "phone": "+92-333-7777777",
    "city": null,
    "dateOfBirth": null,
    "educationLevel": "Not specified",
    "fieldOfStudy": "General inquiry",
    "preferredCountry": "Canada",
    "preferredIntake": null,
    "budget": null,
    "englishTest": null,
    "workExperience": null,
    "additionalInfo": "I want to study Masters in Business Administration (MBA) in Canada. I have 4 years work experience in banking sector and IELTS score of 7.5. Please guide me about the best universities and scholarship opportunities.",
    "documents": null,
    "status": "pending",
    "source": "website",
    "createdAt": "2025-09-19T17:51:08.061Z"
  },
  {
    "id": 7,
    "name": "DIRECT TO YOUR SHEET",
    "email": "direct@yoursheet.com",
    "phone": "+92-311-9999999",
    "city": null,
    "dateOfBirth": null,
    "educationLevel": "Not specified",
    "fieldOfStudy": "General inquiry",
    "preferredCountry": "Australia",
    "preferredIntake": null,
    "budget": null,
    "englishTest": null,
    "workExperience": null,
    "additionalInfo": "This should go DIRECTLY into your Google Sheet automatically! No manual export needed.",
    "documents": null,
    "status": "pending",
    "source": "website",
    "createdAt": "2025-09-19T17:50:18.799Z"
  },
  {
    "id": 6,
    "name": "Direct Sheet Test",
    "email": "directsheet@test.com",
    "phone": "+92-300-1111111",
    "city": null,
    "dateOfBirth": null,
    "educationLevel": "Not specified",
    "fieldOfStudy": "General inquiry",
    "preferredCountry": "Canada",
    "preferredIntake": null,
    "budget": null,
    "englishTest": null,
    "workExperience": null,
    "additionalInfo": "Testing the fixed Google Sheets integration - this should go directly to your spreadsheet!",
    "documents": null,
    "status": "pending",
    "source": "website",
    "createdAt": "2025-09-19T17:49:46.660Z"
  },
  {
    "id": 5,
    "name": "Ahmed Hassan Khan",
    "email": "ahmed.hassan@gmail.com",
    "phone": "+92-321-5678901",
    "city": null,
    "dateOfBirth": null,
    "educationLevel": "Not specified",
    "fieldOfStudy": "General inquiry",
    "preferredCountry": "United Kingdom",
    "preferredIntake": null,
    "budget": null,
    "englishTest": null,
    "workExperience": null,
    "additionalInfo": "I am interested in applying for a Masters in Computer Science program in UK universities. I have completed my Bachelors in Software Engineering with 3.2 CGPA. I need guidance on IELTS preparation, university selection, and visa process. My budget is around 25-30 lakh PKR. Please advise on the best pathway forward.",
    "documents": null,
    "status": "pending",
    "source": "website",
    "createdAt": "2025-09-19T17:47:20.826Z"
  },
  {
    "id": 4,
    "name": "Direct to Google Sheets",
    "email": "directtest@dunyaconsultants.com",
    "phone": "+92-399-4444444",
    "city": null,
    "dateOfBirth": null,
    "educationLevel": "Not specified",
    "fieldOfStudy": "General inquiry",
    "preferredCountry": "United States",
    "preferredIntake": null,
    "budget": null,
    "englishTest": null,
    "workExperience": null,
    "additionalInfo": "Testing direct Google Sheets integration - this should appear in your spreadsheet immediately!",
    "documents": null,
    "status": "pending",
    "source": "website",
    "createdAt": "2025-09-19T17:43:10.665Z"
  },
  {
    "id": 3,
    "name": "Google Sheets Test",
    "email": "sheetstest@dunyaconsultants.com",
    "phone": "+92-388-3333333",
    "city": null,
    "dateOfBirth": null,
    "educationLevel": "Not specified",
    "fieldOfStudy": "General inquiry",
    "preferredCountry": "Australia",
    "preferredIntake": null,
    "budget": null,
    "englishTest": null,
    "workExperience": null,
    "additionalInfo": "Testing direct integration with your Google Sheet! This should appear in your spreadsheet now.",
    "documents": null,
    "status": "pending",
    "source": "website",
    "createdAt": "2025-09-19T17:42:41.666Z"
  },
  {
    "id": 2,
    "name": "FINAL TEST",
    "email": "finaltest@dunyaconsultants.com",
    "phone": "+92-377-2222222",
    "city": null,
    "dateOfBirth": null,
    "educationLevel": "Not specified",
    "fieldOfStudy": "General inquiry",
    "preferredCountry": "Germany",
    "preferredIntake": null,
    "budget": null,
    "englishTest": null,
    "workExperience": null,
    "additionalInfo": "This is the final test - everything is working perfectly now!",
    "documents": null,
    "status": "pending",
    "source": "website",
    "createdAt": "2025-09-19T17:37:23.810Z"
  },
  {
    "id": 1,
    "name": "Test Database Storage",
    "email": "database@dunyaconsultants.com",
    "phone": "+92-366-1111111",
    "city": null,
    "dateOfBirth": null,
    "educationLevel": "Not specified",
    "fieldOfStudy": "General inquiry",
    "preferredCountry": "Canada",
    "preferredIntake": null,
    "budget": null,
    "englishTest": null,
    "workExperience": null,
    "additionalInfo": "Testing the new database storage system for consultation forms!",
    "documents": null,
    "status": "pending",
    "source": "website",
    "createdAt": "2025-09-19T17:37:00.960Z"
  }
]