[
  {
    "id": 110,
    "eventId": 13,
    "name": "Test",
    "email": "humayunbabar00@gmail.com",
    "phone": "03000000000",
    "education": "A Level/Intermediate/HSSC",
    "destination": "Sweden",
    "token": "ce83b49fa8f4b8dca37c8bb776214dbdeb551e60c2215df9bf7edbadca897bea",
    "qrCodeUrl": "/qr-codes/reg-110-1762404058388.png",
    "sheetRowId": null,
    "isAttended": false,
    "attendedAt": null,
    "prizeStatus": "pending",
    "prizeReadyAt": null,
    "prizeDistributedAt": null,
    "status": "confirmed",
    "trashedAt": null,
    "trashedBy": null,
    "trashReason": null,
    "createdAt": "2025-11-06T04:40:58.349Z"
  },
  {
    "id": 109,
    "eventId": 13,
    "name": "Test ",
    "email": "mubashir2good@gmail.com",
    "phone": "03061340017",
    "education": "Bachelors",
    "destination": "USA",
    "token": "ec8ed156cc1a523c570f5e412060ad068722e66386aa3d7a741e294f3eef0a0d",
    "qrCodeUrl": "/qr-codes/reg-109-1762359839783.png",
    "sheetRowId": null,
    "isAttended": true,
    "attendedAt": "2025-11-05T09:58:21.454Z",
    "prizeStatus": "eligible",
    "prizeReadyAt": null,
    "prizeDistributedAt": null,
    "status": "confirmed",
    "trashedAt": null,
    "trashedBy": null,
    "trashReason": null,
    "createdAt": "2025-11-05T09:55:54.576Z"
  },
  {
    "id": 108,
    "eventId": 13,
    "name": "Hamdan ",
    "email": "",
    "phone": "03456792690",
    "education": "",
    "destination": "Finland, Sweden",
    "token": "c467decb4452590df50375a5d9e04303cf4623fec98919e2519077cd8e271176",
    "qrCodeUrl": "/qr-codes/reg-108-1762414450624.png",
    "sheetRowId": null,
    "isAttended": false,
    "attendedAt": null,
    "prizeStatus": "pending",
    "prizeReadyAt": null,
    "prizeDistributedAt": null,
    "status": "confirmed",
    "trashedAt": null,
    "trashedBy": null,
    "trashReason": null,
    "createdAt": "2025-11-04T10:23:14.413Z"
  },
  {
    "id": 107,
    "eventId": 13,
    "name": "Azan",
    "email": "",
    "phone": "0329 6369761",
    "education": "",
    "destination": "UK",
    "token": "b6406fb4841c722367e5fcc724b4c8c0ea3a3c1cf77d6c4d05faa23b07a04837",
    "qrCodeUrl": "/qr-codes/reg-107-1762414454978.png",
    "sheetRowId": null,
    "isAttended": false,
    "attendedAt": null,
    "prizeStatus": "pending",
    "prizeReadyAt": null,
    "prizeDistributedAt": null,
    "status": "confirmed",
    "trashedAt": null,
    "trashedBy": null,
    "trashReason": null,
    "createdAt": "2025-11-04T10:22:06.170Z"
  },
  {
    "id": 106,
    "eventId": 13,
    "name": "Hamayun Raza",
    "email": "",
    "phone": "03267836760",
    "education": "",
    "destination": "Belgium, Canada",
    "token": "ded0ff380ec8e2265f95e8c50e7cb3559c09e90292faa15b928766993d5fc117",
    "qrCodeUrl": "/qr-codes/reg-106-1761978403637.png",
    "sheetRowId": null,
    "isAttended": false,
    "attendedAt": null,
    "prizeStatus": "pending",
    "prizeReadyAt": null,
    "prizeDistributedAt": null,
    "status": "confirmed",
    "trashedAt": null,
    "trashedBy": null,
    "trashReason": null,
    "createdAt": "2025-11-01T05:46:34.285Z"
  },
  {
    "id": 105,
    "eventId": 13,
    "name": "Muhammad Talha",
    "email": "muhammadtalha7382@gmail.com",
    "phone": "03167449119",
    "education": "Masters",
    "destination": "UK",
    "token": "bfc4df5eac266774e41876caac03a552988020e954c3f7c2bcd73324c1616205",
    "qrCodeUrl": "/qr-codes/reg-105-1761975053660.png",
    "sheetRowId": null,
    "isAttended": false,
    "attendedAt": null,
    "prizeStatus": "pending",
    "prizeReadyAt": null,
    "prizeDistributedAt": null,
    "status": "confirmed",
    "trashedAt": null,
    "trashedBy": null,
    "trashReason": null,
    "createdAt": "2025-11-01T05:30:53.587Z"
  },
  {
    "id": 104,
    "eventId": 13,
    "name": "Daniyal",
    "email": "",
    "phone": "03467825490",
    "education": "",
    "destination": "UK",
    "token": "e75e08dea4db2ced09f1e568360326c9af92ce47e02c4948d015e940992a590d",
    "qrCodeUrl": "/qr-codes/reg-104-1762344188446.png",
    "sheetRowId": null,
    "isAttended": false,
    "attendedAt": null,
    "prizeStatus": "pending",
    "prizeReadyAt": null,
    "prizeDistributedAt": null,
    "status": "confirmed",
    "trashedAt": null,
    "trashedBy": null,
    "trashReason": null,
    "createdAt": "2025-11-01T05:09:50.346Z"
  },
  {
    "id": 103,
    "eventId": 13,
    "name": "Ayesha",
    "email": "",
    "phone": "03447652980",
    "education": "",
    "destination": "Sweden, Canada, UK",
    "token": "4c7601b394eb11541b4c04aceaa676221d1b4824321fbf583fc428007dfe3c64",
    "qrCodeUrl": "/qr-codes/reg-103-1761973482038.png",
    "sheetRowId": null,
    "isAttended": false,
    "attendedAt": null,
    "prizeStatus": "pending",
    "prizeReadyAt": null,
    "prizeDistributedAt": null,
    "status": "confirmed",
    "trashedAt": null,
    "trashedBy": null,
    "trashReason": null,
    "createdAt": "2025-11-01T05:04:42.000Z"
  },
  {
    "id": 102,
    "eventId": 13,
    "name": "Bagdad Raza",
    "email": "",
    "phone": "03249687230",
    "education": "",
    "destination": "",
    "token": "bfbe864229e97081b345e07bf2cd4f9ab83b1f08ac34a04fd48751e9ecf3e187",
    "qrCodeUrl": "/qr-codes/reg-102-1762360173649.png",
    "sheetRowId": null,
    "isAttended": false,
    "attendedAt": null,
    "prizeStatus": "pending",
    "prizeReadyAt": null,
    "prizeDistributedAt": null,
    "status": "confirmed",
    "trashedAt": null,
    "trashedBy": null,
    "trashReason": null,
    "createdAt": "2025-11-01T05:02:33.524Z"
  },
  {
    "id": 101,
    "eventId": 13,
    "name": "Muhammad Khalid",
    "email": "",
    "phone": "03457688970",
    "education": "",
    "destination": "Australia, Germany, Finland, Sweden",
    "token": "0a015e885316c9bb0d34685b40abb1c33b778f0190b14501d88ace9f377a2d22",
    "qrCodeUrl": "/qr-codes/reg-101-1762344184049.png",
    "sheetRowId": null,
    "isAttended": false,
    "attendedAt": null,
    "prizeStatus": "pending",
    "prizeReadyAt": null,
    "prizeDistributedAt": null,
    "status": "confirmed",
    "trashedAt": null,
    "trashedBy": null,
    "trashReason": null,
    "createdAt": "2025-11-01T04:59:57.711Z"
  },
  {
    "id": 100,
    "eventId": 13,
    "name": "Uzair Abbas",
    "email": "",
    "phone": "03447689548",
    "education": "",
    "destination": "USA, Belgium, Cyprus, UK, Germany, Finland, Sweden, Canada",
    "token": "63fe7ba278506896857397b75525744d1b3bbd87203465b03cc89758893100e4",
    "qrCodeUrl": "/qr-codes/reg-100-1762344178549.png",
    "sheetRowId": null,
    "isAttended": false,
    "attendedAt": null,
    "prizeStatus": "pending",
    "prizeReadyAt": null,
    "prizeDistributedAt": null,
    "status": "confirmed",
    "trashedAt": null,
    "trashedBy": null,
    "trashReason": null,
    "createdAt": "2025-11-01T04:58:10.742Z"
  },
  {
    "id": 99,
    "eventId": 12,
    "name": "Test",
    "email": "mubashir2good@gmail.com",
    "phone": "03061340017",
    "education": "Masters",
    "destination": "USA, Canada",
    "token": "b2e3dbac839a92e72fd2da86b6ce47a05581c29e775bb9c7591ef3adfaec1917",
    "qrCodeUrl": "/qr-codes/reg-99-1761916022865.png",
    "sheetRowId": null,
    "isAttended": false,
    "attendedAt": null,
    "prizeStatus": "pending",
    "prizeReadyAt": null,
    "prizeDistributedAt": null,
    "status": "confirmed",
    "trashedAt": "2025-11-01T05:38:04.318Z",
    "trashedBy": 12,
    "trashReason": "Bulk delete",
    "createdAt": "2025-10-31T13:07:02.832Z"
  },
  {
    "id": 98,
    "eventId": 8,
    "name": "Ahmad",
    "email": "officialahmad585@gmail.com",
    "phone": "03049087631",
    "education": "Other",
    "destination": "UK",
    "token": "6d7eedb3f2c144ba4bfeaccf0ecf2c61749cde314a6559b4b6e3007870ea1202",
    "qrCodeUrl": "/qr-codes/reg-98-1761914174952.png",
    "sheetRowId": null,
    "isAttended": false,
    "attendedAt": null,
    "prizeStatus": "pending",
    "prizeReadyAt": null,
    "prizeDistributedAt": null,
    "status": "confirmed",
    "trashedAt": null,
    "trashedBy": null,
    "trashReason": null,
    "createdAt": "2025-10-31T12:36:14.919Z"
  },
  {
    "id": 97,
    "eventId": 13,
    "name": "vdxvdv",
    "email": "innerpowerzone594@gmail.com",
    "phone": "111111111111111",
    "education": "MPhil",
    "destination": "Cyprus, Germany, Sweden, Finland, Canada",
    "token": "55848b0dd2d7ae11c60c063a9dde44c756ced2b631a4471c0c9af69eb7fcd913",
    "qrCodeUrl": "/qr-codes/reg-97-1762360053803.png",
    "sheetRowId": null,
    "isAttended": false,
    "attendedAt": null,
    "prizeStatus": "pending",
    "prizeReadyAt": null,
    "prizeDistributedAt": null,
    "status": "confirmed",
    "trashedAt": null,
    "trashedBy": null,
    "trashReason": null,
    "createdAt": "2025-10-31T10:36:21.035Z"
  },
  {
    "id": 96,
    "eventId": 10,
    "name": "test",
    "email": "admin@admin.com",
    "phone": "03498744444",
    "education": "Associate Degree",
    "destination": "USA, Australia",
    "token": "a7163613922ac75f507e89db5fb9897c5b0e2336d343c3d2088bd293415820e2",
    "qrCodeUrl": "/qr-codes/reg-96-1761906785001.png",
    "sheetRowId": null,
    "isAttended": false,
    "attendedAt": null,
    "prizeStatus": "pending",
    "prizeReadyAt": null,
    "prizeDistributedAt": null,
    "status": "confirmed",
    "trashedAt": "2025-11-01T05:37:57.211Z",
    "trashedBy": 12,
    "trashReason": "Bulk delete",
    "createdAt": "2025-10-31T10:33:04.910Z"
  },
  {
    "id": 95,
    "eventId": 10,
    "name": "Testing New Form",
    "email": "admin@admin.com",
    "phone": "03498744444",
    "education": "Associate Degree",
    "destination": "UK, Germany",
    "token": "a39ac7c42d442b7c55114d33f3efe398b46a973253afbb776be7a59e1882e3dd",
    "qrCodeUrl": "/qr-codes/reg-95-1761901908367.png",
    "sheetRowId": null,
    "isAttended": false,
    "attendedAt": null,
    "prizeStatus": "pending",
    "prizeReadyAt": null,
    "prizeDistributedAt": null,
    "status": "confirmed",
    "trashedAt": "2025-11-01T05:37:57.212Z",
    "trashedBy": 12,
    "trashReason": "Bulk delete",
    "createdAt": "2025-10-31T09:11:48.324Z"
  },
  {
    "id": 94,
    "eventId": 10,
    "name": "test",
    "email": "admin@admin.com",
    "phone": "03061340017",
    "education": "Bachelors",
    "destination": "UK, Germany",
    "token": "53746ba8f4e29c6af548dad6aeb122aab58aec9a72055f33f18f21e6d96bf3a2",
    "qrCodeUrl": "/qr-codes/reg-94-1761901390221.png",
    "sheetRowId": null,
    "isAttended": false,
    "attendedAt": null,
    "prizeStatus": "pending",
    "prizeReadyAt": null,
    "prizeDistributedAt": null,
    "status": "confirmed",
    "trashedAt": "2025-11-01T05:37:57.212Z",
    "trashedBy": 12,
    "trashReason": "Bulk delete",
    "createdAt": "2025-10-31T09:03:10.162Z"
  },
  {
    "id": 93,
    "eventId": 10,
    "name": "test",
    "email": "hamdan7394@gmail.com",
    "phone": "03498744444",
    "education": "Bachelors",
    "destination": "UK, Germany",
    "token": "bb6c210e03496247e23499d9a40ba74c95203d5eee45ccb036996c121eba9869",
    "qrCodeUrl": "/qr-codes/reg-93-1761897744460.png",
    "sheetRowId": null,
    "isAttended": false,
    "attendedAt": null,
    "prizeStatus": "pending",
    "prizeReadyAt": null,
    "prizeDistributedAt": null,
    "status": "confirmed",
    "trashedAt": "2025-11-01T05:37:57.212Z",
    "trashedBy": 12,
    "trashReason": "Bulk delete",
    "createdAt": "2025-10-31T08:02:24.411Z"
  },
  {
    "id": 92,
    "eventId": 13,
    "name": "Testing Development Fixes",
    "email": "mubashir2good@gmail.com",
    "phone": "03061340017",
    "education": "Bachelors",
    "destination": "Australia, USA, Sweden",
    "token": "62daa8e7c32e67b30b2da2630b9c410a300aa1c8924a38380a05173970b44557",
    "qrCodeUrl": "/qr-codes/reg-92-1761809066187.png",
    "sheetRowId": null,
    "isAttended": false,
    "attendedAt": null,
    "prizeStatus": "pending",
    "prizeReadyAt": null,
    "prizeDistributedAt": null,
    "status": "confirmed",
    "trashedAt": "2025-10-31T07:08:29.654Z",
    "trashedBy": 1,
    "trashReason": "Bulk delete",
    "createdAt": "2025-10-30T07:24:26.141Z"
  },
  {
    "id": 91,
    "eventId": 13,
    "name": "Muhammad Mobeen Raza",
    "email": "innerpowerzone594@gmail.com",
    "phone": "111111111111111",
    "education": "Associate Degree",
    "destination": "Cyprus, Germany, Canada, Finland, Sweden",
    "token": "dce8a4e49d7217eceea0ac8eac549775b68bd462c022394d1bada8e9deb0d990",
    "qrCodeUrl": "/qr-codes/reg-91-1761802318731.png",
    "sheetRowId": null,
    "isAttended": false,
    "attendedAt": null,
    "prizeStatus": "pending",
    "prizeReadyAt": null,
    "prizeDistributedAt": null,
    "status": "confirmed",
    "trashedAt": "2025-10-30T05:32:33.686Z",
    "trashedBy": 1,
    "trashReason": "Bulk delete",
    "createdAt": "2025-10-30T05:31:58.694Z"
  },
  {
    "id": 90,
    "eventId": 13,
    "name": "UMER FAROOQ",
    "email": "umer@dunyaconsultants.com",
    "phone": "03216051057",
    "education": "Bachelors",
    "destination": "UK",
    "token": "b3a5e2205508c966284fd249c349aa811aa281e5f8bf7b6acaf93725e2353a8e",
    "qrCodeUrl": "/qr-codes/reg-90-1761639555125.png",
    "sheetRowId": null,
    "isAttended": true,
    "attendedAt": "2025-10-27T07:09:30.796Z",
    "prizeStatus": "eligible",
    "prizeReadyAt": null,
    "prizeDistributedAt": null,
    "status": "confirmed",
    "trashedAt": "2025-10-30T05:22:47.530Z",
    "trashedBy": 1,
    "trashReason": "Bulk delete",
    "createdAt": "2025-10-27T06:46:21.090Z"
  },
  {
    "id": 89,
    "eventId": 13,
    "name": "Zain Ali",
    "email": "zali97668@gmail.com",
    "phone": "03137296601",
    "education": "Bachelors",
    "destination": "Germany",
    "token": "2391a1142826f64d1c9a27d83412a40f8f03a5f12258c605bbbfadf5dde5fe41",
    "qrCodeUrl": "/qr-codes/reg-89-1761639492900.png",
    "sheetRowId": null,
    "isAttended": false,
    "attendedAt": null,
    "prizeStatus": "pending",
    "prizeReadyAt": null,
    "prizeDistributedAt": null,
    "status": "confirmed",
    "trashedAt": null,
    "trashedBy": null,
    "trashReason": null,
    "createdAt": "2025-10-23T14:48:30.361Z"
  },
  {
    "id": 88,
    "eventId": 11,
    "name": "USAMA SAEED",
    "email": "usamasaeed096@gmail.com",
    "phone": "03018780562",
    "education": "Bachelors",
    "destination": "UK, Australia, Sweden, Finland, USA",
    "token": "055b5c18bd085a09bc1513f38722c7df7652df888a39eafa44b8059c2e14e5a0",
    "qrCodeUrl": "/qr-codes/reg-88-1761076358804.png",
    "sheetRowId": null,
    "isAttended": false,
    "attendedAt": null,
    "prizeStatus": "pending",
    "prizeReadyAt": null,
    "prizeDistributedAt": null,
    "status": "confirmed",
    "trashedAt": null,
    "trashedBy": null,
    "trashReason": null,
    "createdAt": "2025-10-21T19:52:38.763Z"
  },
  {
    "id": 70,
    "eventId": 8,
    "name": "Javeria ",
    "email": "adnanshareef7355591@gmail.com",
    "phone": "03130679627",
    "education": "Associate Degree",
    "destination": "UK",
    "token": "eb8494508d770bd57258f892b4bf0a1997c6bfc2bc65fb2cfb2af9f81b09d958",
    "qrCodeUrl": "/qr-codes/reg-70-1761827767780.png",
    "sheetRowId": null,
    "isAttended": false,
    "attendedAt": null,
    "prizeStatus": "pending",
    "prizeReadyAt": null,
    "prizeDistributedAt": null,
    "status": "confirmed",
    "trashedAt": null,
    "trashedBy": null,
    "trashReason": null,
    "createdAt": "2025-10-16T05:56:46.958Z"
  },
  {
    "id": 69,
    "eventId": 8,
    "name": "Sadia manzoor ",
    "email": "sadiamanzoor8777@gmail.com",
    "phone": "03198777512",
    "education": "Associate Degree",
    "destination": "UK",
    "token": "4804d331f822d2fb2b3fc6013a2b78b712937d043992df27a1eb5abd9818401d",
    "qrCodeUrl": "/qr-codes/reg-69-1760530480553.png",
    "sheetRowId": null,
    "isAttended": false,
    "attendedAt": null,
    "prizeStatus": "pending",
    "prizeReadyAt": null,
    "prizeDistributedAt": null,
    "status": "confirmed",
    "trashedAt": null,
    "trashedBy": null,
    "trashReason": null,
    "createdAt": "2025-10-15T12:14:40.382Z"
  },
  {
    "id": 68,
    "eventId": 8,
    "name": "Ahsan ali ",
    "email": "siprali930@gmail.com",
    "phone": "03414842716",
    "education": "A Level/Intermediate/HSSC",
    "destination": "Finland, Sweden, Germany",
    "token": "820fa46a056661ba184c94ae40ffa8f124a6df77283a9e95112fd98bda3d528f",
    "qrCodeUrl": "/qr-codes/reg-68-1760451898365.png",
    "sheetRowId": null,
    "isAttended": false,
    "attendedAt": null,
    "prizeStatus": "pending",
    "prizeReadyAt": null,
    "prizeDistributedAt": null,
    "status": "confirmed",
    "trashedAt": null,
    "trashedBy": null,
    "trashReason": null,
    "createdAt": "2025-10-14T14:24:58.309Z"
  },
  {
    "id": 67,
    "eventId": 8,
    "name": "Trump",
    "email": "abcd@xyz.com",
    "phone": "0300000000",
    "education": "Bachelors",
    "destination": "USA, Canada, UK, Australia",
    "token": "f3397e7b1e3a1e7255ae38cbd96d66d1faeedb518c7870d257736602e05cef0f",
    "qrCodeUrl": "/qr-codes/reg-67-1760934743327.png",
    "sheetRowId": null,
    "isAttended": false,
    "attendedAt": null,
    "prizeStatus": "pending",
    "prizeReadyAt": null,
    "prizeDistributedAt": null,
    "status": "confirmed",
    "trashedAt": null,
    "trashedBy": null,
    "trashReason": null,
    "createdAt": "2025-10-14T11:14:31.011Z"
  },
  {
    "id": 63,
    "eventId": 8,
    "name": "Sadia Naz",
    "email": "sadiarajpoot762@gmail.com",
    "phone": "03104816216",
    "education": "Masters",
    "destination": "UK",
    "token": "17c411e27d91f1890638f257dd2d8736cbab2bce388dd6b72589b29239dfc5e2",
    "qrCodeUrl": "/qr-codes/reg-63-1760332226762.png",
    "sheetRowId": null,
    "isAttended": false,
    "attendedAt": null,
    "prizeStatus": "pending",
    "prizeReadyAt": null,
    "prizeDistributedAt": null,
    "status": "confirmed",
    "trashedAt": null,
    "trashedBy": null,
    "trashReason": null,
    "createdAt": "2025-10-11T11:17:01.139Z"
  },
  {
    "id": 60,
    "eventId": 8,
    "name": "Usman",
    "email": "mubashir2good@gmail.com",
    "phone": "03061340017",
    "education": "Bachelors",
    "destination": "USA, Australia",
    "token": "db4bc6a3d7e4ed14dda0760480e4a222cd20ac11d50686e4fa5b457725693555",
    "qrCodeUrl": "/qr-codes/reg-60-1760168100696.png",
    "sheetRowId": null,
    "isAttended": false,
    "attendedAt": null,
    "prizeStatus": "pending",
    "prizeReadyAt": null,
    "prizeDistributedAt": null,
    "status": "confirmed",
    "trashedAt": "2025-10-11T07:41:02.852Z",
    "trashedBy": 1,
    "trashReason": "Bulk delete",
    "createdAt": "2025-10-11T07:27:37.112Z"
  },
  {
    "id": 59,
    "eventId": 8,
    "name": "Form Testing",
    "email": "mubashir2good@gmail.com",
    "phone": "03061340017",
    "education": "Masters",
    "destination": "USA, Canada",
    "token": "77880bb7f846b8e9e53bd6fd365b08a82d12fd040daf7c496850bf1318946581",
    "qrCodeUrl": "/qr-codes/reg-59-1760103208119.png",
    "sheetRowId": null,
    "isAttended": false,
    "attendedAt": null,
    "prizeStatus": "pending",
    "prizeReadyAt": null,
    "prizeDistributedAt": null,
    "status": "confirmed",
    "trashedAt": "2025-10-10T13:34:18.874Z",
    "trashedBy": 1,
    "trashReason": "Bulk delete",
    "createdAt": "2025-10-10T13:33:28.073Z"
  },
  {
    "id": 58,
    "eventId": 8,
    "name": "Afeera Rasheed",
    "email": "afeerarasheed585@gmail.com",
    "phone": "03083379308",
    "education": "Associate Degree",
    "destination": "Other",
    "token": "b0e2286965b57ab1678ea2048ed03eff17a1fb715d29d8a77c8db73f75231124",
    "qrCodeUrl": "/qr-codes/reg-58-1760168483280.png",
    "sheetRowId": null,
    "isAttended": false,
    "attendedAt": null,
    "prizeStatus": "pending",
    "prizeReadyAt": null,
    "prizeDistributedAt": null,
    "status": "confirmed",
    "trashedAt": null,
    "trashedBy": null,
    "trashReason": null,
    "createdAt": "2025-10-10T13:14:42.373Z"
  },
  {
    "id": 57,
    "eventId": 8,
    "name": "Muhammad Mubashar Hassan",
    "email": "mubasharhassanpak@gmail.com",
    "phone": "+923004059475",
    "education": "Bachelors",
    "destination": "UK, Australia, Other",
    "token": "fba432e73f1290776ecac91f1205e8506cdf5dc21962340a69609f6783b38917",
    "qrCodeUrl": "/qr-codes/reg-57-1760168134042.png",
    "sheetRowId": null,
    "isAttended": false,
    "attendedAt": null,
    "prizeStatus": "pending",
    "prizeReadyAt": null,
    "prizeDistributedAt": null,
    "status": "confirmed",
    "trashedAt": null,
    "trashedBy": null,
    "trashReason": null,
    "createdAt": "2025-10-10T13:04:58.415Z"
  },
  {
    "id": 56,
    "eventId": 8,
    "name": "Muhammad yasir Hassan ",
    "email": "yh8828732@gmail.com",
    "phone": "03428699487",
    "education": "Bachelors",
    "destination": "Other",
    "token": "1524e5b392456b923efcd2ac2ae2e2a2358f6bf049db091979b3aa9336dea511",
    "qrCodeUrl": "/qr-codes/reg-56-1760168489002.png",
    "sheetRowId": null,
    "isAttended": false,
    "attendedAt": null,
    "prizeStatus": "pending",
    "prizeReadyAt": null,
    "prizeDistributedAt": null,
    "status": "confirmed",
    "trashedAt": null,
    "trashedBy": null,
    "trashReason": null,
    "createdAt": "2025-10-10T13:03:46.996Z"
  },
  {
    "id": 55,
    "eventId": 8,
    "name": "Muhammad Mubashar Hassan",
    "email": "mubasharhassanpak@gmail.com",
    "phone": "+923004059475",
    "education": "Bachelors",
    "destination": "Australia, UK, Other",
    "token": "0d614f75b8dfae93e3c476267222de57192cc5a7fbf4d9fe80cf5e37516f179c",
    "qrCodeUrl": "/qr-codes/reg-55-1760101304532.png",
    "sheetRowId": null,
    "isAttended": false,
    "attendedAt": null,
    "prizeStatus": "pending",
    "prizeReadyAt": null,
    "prizeDistributedAt": null,
    "status": "confirmed",
    "trashedAt": null,
    "trashedBy": null,
    "trashReason": null,
    "createdAt": "2025-10-10T13:01:44.469Z"
  },
  {
    "id": 54,
    "eventId": 8,
    "name": "Zahid Bashir",
    "email": "zahidbashir824@gmail.com",
    "phone": "03007480824",
    "education": "Bachelors",
    "destination": "Germany, Sweden, Turkey",
    "token": "77e53039858b6393413a05f65f12bd3ef818571671ff9714f8f20c22b385dbc6",
    "qrCodeUrl": "/qr-codes/reg-54-1760100786030.png",
    "sheetRowId": null,
    "isAttended": false,
    "attendedAt": null,
    "prizeStatus": "pending",
    "prizeReadyAt": null,
    "prizeDistributedAt": null,
    "status": "confirmed",
    "trashedAt": null,
    "trashedBy": null,
    "trashReason": null,
    "createdAt": "2025-10-10T12:53:05.966Z"
  },
  {
    "id": 53,
    "eventId": 8,
    "name": "Muhammad Makki ",
    "email": "khawajamakki71@gmail.com",
    "phone": "03023982155",
    "education": "A Level/Intermediate/HSSC",
    "destination": "Turkey, Sweden",
    "token": "7b9264d4a25a5cc4462af136f824aadee1a58c948cf3fd4ec96cbf9367453deb",
    "qrCodeUrl": "/qr-codes/reg-53-1760097161869.png",
    "sheetRowId": null,
    "isAttended": false,
    "attendedAt": null,
    "prizeStatus": "pending",
    "prizeReadyAt": null,
    "prizeDistributedAt": null,
    "status": "confirmed",
    "trashedAt": null,
    "trashedBy": null,
    "trashReason": null,
    "createdAt": "2025-10-10T11:52:41.806Z"
  },
  {
    "id": 52,
    "eventId": 8,
    "name": "Umama Khan ",
    "email": "umamazai5@gmail.com",
    "phone": "03230671947",
    "education": "MPhil",
    "destination": "Sweden",
    "token": "e78b86fedfde0834c9e05132f2dd93cdbd116533785ceb2f32889a57b179666f",
    "qrCodeUrl": "/qr-codes/reg-52-1760094925175.png",
    "sheetRowId": null,
    "isAttended": false,
    "attendedAt": null,
    "prizeStatus": "pending",
    "prizeReadyAt": null,
    "prizeDistributedAt": null,
    "status": "confirmed",
    "trashedAt": null,
    "trashedBy": null,
    "trashReason": null,
    "createdAt": "2025-10-10T11:15:25.117Z"
  },
  {
    "id": 51,
    "eventId": 8,
    "name": "RAMYA AHMAD",
    "email": "dunyaconsultantsbwp@gmail.com",
    "phone": "03231621947",
    "education": "Bachelors",
    "destination": "Australia",
    "token": "c70b86c1199344141f1238ea84f23f70277109f912a6935e663d9ccb67d4856b",
    "qrCodeUrl": "/qr-codes/reg-51-1760168408697.png",
    "sheetRowId": null,
    "isAttended": false,
    "attendedAt": null,
    "prizeStatus": "pending",
    "prizeReadyAt": null,
    "prizeDistributedAt": null,
    "status": "confirmed",
    "trashedAt": null,
    "trashedBy": null,
    "trashReason": null,
    "createdAt": "2025-10-10T06:51:33.912Z"
  },
  {
    "id": 50,
    "eventId": 8,
    "name": "gfhdsvckjsdvbj",
    "email": "innerpowerzone594@gmail.com",
    "phone": "111111111111111",
    "education": "O Level/Matric/SSC",
    "destination": "USA, UK, Canada, Cyprus, Australia, Finland",
    "token": "5f570fc6cf825a35b01dbb37754c7be23bfa49f52810afb478681c91c852e7ed",
    "qrCodeUrl": "/qr-codes/reg-50-1760007673553.png",
    "sheetRowId": null,
    "isAttended": true,
    "attendedAt": "2025-10-10T04:06:44.227Z",
    "prizeStatus": "eligible",
    "prizeReadyAt": null,
    "prizeDistributedAt": "2025-10-10T04:06:39.147Z",
    "status": "confirmed",
    "trashedAt": "2025-10-10T06:01:45.564Z",
    "trashedBy": 10,
    "trashReason": null,
    "createdAt": "2025-10-09T11:01:13.523Z"
  },
  {
    "id": 49,
    "eventId": 8,
    "name": "Muhammad Talha ",
    "email": "muhammadtalha7382@gmail.com",
    "phone": "03167449119",
    "education": "Masters",
    "destination": "UK",
    "token": "4d8203837e06e76f9885b8d08756c3584cf39da7eccd1cc9df06d54a265926ae",
    "qrCodeUrl": "/qr-codes/reg-49-1760007640127.png",
    "sheetRowId": null,
    "isAttended": true,
    "attendedAt": "2025-10-10T04:06:44.227Z",
    "prizeStatus": "eligible",
    "prizeReadyAt": null,
    "prizeDistributedAt": "2025-10-10T04:06:39.147Z",
    "status": "confirmed",
    "trashedAt": "2025-10-10T06:01:50.148Z",
    "trashedBy": 10,
    "trashReason": null,
    "createdAt": "2025-10-09T11:00:40.097Z"
  },
  {
    "id": 48,
    "eventId": 8,
    "name": "humayun babar",
    "email": "metawon703@kimdyn.com",
    "phone": "03231911947",
    "education": "PhD",
    "destination": "USA, Germany, Turkey, Finland",
    "token": "ef8779bf65ff8a8182c91b8d91abe9d0ad0880be7bd755ac7e54ee5e84c8a1dc",
    "qrCodeUrl": "/qr-codes/reg-48-1760007626521.png",
    "sheetRowId": null,
    "isAttended": true,
    "attendedAt": "2025-10-10T04:06:44.227Z",
    "prizeStatus": "eligible",
    "prizeReadyAt": null,
    "prizeDistributedAt": "2025-10-10T04:06:39.147Z",
    "status": "confirmed",
    "trashedAt": "2025-10-10T06:01:52.828Z",
    "trashedBy": 10,
    "trashReason": null,
    "createdAt": "2025-10-09T11:00:26.482Z"
  },
  {
    "id": 47,
    "eventId": 8,
    "name": "Mubashir Ayub",
    "email": "mubashir2good@gmail.com",
    "phone": "03061340017",
    "education": "Masters",
    "destination": "Australia, Belgium, Cyprus",
    "token": "39e0a171a769e08859f35cbc4eba9fcd2204c7bb2ec1b0840fe26dc62f2f34dd",
    "qrCodeUrl": "/qr-codes/reg-47-1760005434555.png",
    "sheetRowId": null,
    "isAttended": false,
    "attendedAt": null,
    "prizeStatus": "pending",
    "prizeReadyAt": null,
    "prizeDistributedAt": null,
    "status": "confirmed",
    "trashedAt": "2025-10-09T10:28:10.499Z",
    "trashedBy": 1,
    "trashReason": "Bulk delete",
    "createdAt": "2025-10-09T10:23:54.523Z"
  },
  {
    "id": 46,
    "eventId": 8,
    "name": "Nouman Ali",
    "email": "dakerproof@gmail.com",
    "phone": "03495137127",
    "education": "Bachelors",
    "destination": "USA, Finland, Germany, Cyprus, UK",
    "token": "f37bb68d007d2d8d6c9096e13e583d80ccf5506f6163b10354bff2ae92e02778",
    "qrCodeUrl": "/qr-codes/reg-46-1760005329590.png",
    "sheetRowId": null,
    "isAttended": true,
    "attendedAt": "2025-10-09T10:24:47.731Z",
    "prizeStatus": "eligible",
    "prizeReadyAt": null,
    "prizeDistributedAt": null,
    "status": "confirmed",
    "trashedAt": "2025-10-09T10:28:10.500Z",
    "trashedBy": 1,
    "trashReason": "Bulk delete",
    "createdAt": "2025-10-09T10:22:09.548Z"
  },
  {
    "id": 45,
    "eventId": 8,
    "name": "Abuzar Khalid",
    "email": "zarchohan@gmail.com",
    "phone": "03208361947",
    "education": "Masters",
    "destination": "UK",
    "token": "4cab9658042b28a2e617f9919c68732c99bbc3c3c8ae1ca684a1ea4ea4de9752",
    "qrCodeUrl": "/qr-codes/reg-45-1759989772315.png",
    "sheetRowId": null,
    "isAttended": false,
    "attendedAt": null,
    "prizeStatus": "pending",
    "prizeReadyAt": null,
    "prizeDistributedAt": null,
    "status": "confirmed",
    "trashedAt": "2025-10-09T10:28:10.500Z",
    "trashedBy": 1,
    "trashReason": "Bulk delete",
    "createdAt": "2025-10-09T06:02:52.281Z"
  },
  {
    "id": 44,
    "eventId": 8,
    "name": "Nouman",
    "email": "dealdaker@gmail.com",
    "phone": "03495137127",
    "education": "Other",
    "destination": "Turkey, Finland",
    "token": "08191c0f26645661e45e6a3671b7acc5501d9f4bdf7248f14583b9db8b0163ca",
    "qrCodeUrl": "/qr-codes/reg-44-1759989701490.png",
    "sheetRowId": null,
    "isAttended": false,
    "attendedAt": null,
    "prizeStatus": "pending",
    "prizeReadyAt": null,
    "prizeDistributedAt": null,
    "status": "confirmed",
    "trashedAt": "2025-10-09T10:28:10.500Z",
    "trashedBy": 1,
    "trashReason": "Bulk delete",
    "createdAt": "2025-10-09T06:01:41.458Z"
  },
  {
    "id": 43,
    "eventId": 8,
    "name": "Mubashir Ahmar",
    "email": "mubashir2good@gmail.com",
    "phone": "03061340017",
    "education": "Bachelors",
    "destination": "USA, Australia, Germany",
    "token": "f2cd29ac99e3e95d9657b80a66b2278a3e103c221cd735d76c06f8874ed0b2e7",
    "qrCodeUrl": "/qr-codes/reg-43-1759986983841.png",
    "sheetRowId": null,
    "isAttended": true,
    "attendedAt": "2025-10-09T05:17:00.874Z",
    "prizeStatus": "eligible",
    "prizeReadyAt": null,
    "prizeDistributedAt": null,
    "status": "confirmed",
    "trashedAt": "2025-10-09T10:28:10.500Z",
    "trashedBy": 1,
    "trashReason": "Bulk delete",
    "createdAt": "2025-10-09T05:16:23.798Z"
  },
  {
    "id": 42,
    "eventId": 9,
    "name": "Mubashir Ayub",
    "email": "mubashir2good@gmail.com",
    "phone": "03061340017",
    "education": "A Level/Intermediate/HSSC",
    "destination": "USA, Australia",
    "token": "fe8d7b18610f7fb1f703db86f067877c3fba48d4dc2c262cb6e81021c0d5d4d0",
    "qrCodeUrl": "/qr-codes/reg-42-1759984983157.png",
    "sheetRowId": null,
    "isAttended": false,
    "attendedAt": null,
    "prizeStatus": "pending",
    "prizeReadyAt": null,
    "prizeDistributedAt": null,
    "status": "confirmed",
    "trashedAt": "2025-10-09T05:59:23.233Z",
    "trashedBy": 1,
    "trashReason": null,
    "createdAt": "2025-10-09T04:43:03.123Z"
  },
  {
    "id": 41,
    "eventId": 8,
    "name": "Mubashir Ayub",
    "email": "mubashir2good@gmail.com",
    "phone": "03061340017",
    "education": "Bachelors",
    "destination": "USA, Germany",
    "token": "4ef1af7d3be01a17ef9cd53e8beec090d6bed33349de8afff10947391fb7b832",
    "qrCodeUrl": "/qr-codes/reg-41-1759921075857.png",
    "sheetRowId": null,
    "isAttended": false,
    "attendedAt": null,
    "prizeStatus": "pending",
    "prizeReadyAt": null,
    "prizeDistributedAt": null,
    "status": "confirmed",
    "trashedAt": "2025-10-09T10:28:10.500Z",
    "trashedBy": 1,
    "trashReason": "Bulk delete",
    "createdAt": "2025-10-08T10:57:55.814Z"
  },
  {
    "id": 40,
    "eventId": 8,
    "name": "Mubashir Ayub",
    "email": "mubashir2good@gmail.com",
    "phone": "03061340017",
    "education": "Masters",
    "destination": "USA, Australia, Germany",
    "token": "977081b69dd32b4bef8055bd53b8ec731848c1f3990f307e98fd4afdf56c3c6f",
    "qrCodeUrl": "/qr-codes/reg-40-1759920978750.png",
    "sheetRowId": null,
    "isAttended": false,
    "attendedAt": null,
    "prizeStatus": "pending",
    "prizeReadyAt": null,
    "prizeDistributedAt": null,
    "status": "confirmed",
    "trashedAt": "2025-10-09T10:28:10.500Z",
    "trashedBy": 1,
    "trashReason": "Bulk delete",
    "createdAt": "2025-10-08T10:56:18.708Z"
  },
  {
    "id": 39,
    "eventId": 8,
    "name": "Mubashir Ayub",
    "email": "mubashir2good@gmail.com",
    "phone": "03061340017",
    "education": "Bachelors",
    "destination": "USA, Germany",
    "token": "7edcb999c7b585d052515b2817d0ae154edae644d3d8fae877977f30bf0fa544",
    "qrCodeUrl": "/qr-codes/reg-39-1759920612286.png",
    "sheetRowId": null,
    "isAttended": false,
    "attendedAt": null,
    "prizeStatus": "pending",
    "prizeReadyAt": null,
    "prizeDistributedAt": null,
    "status": "confirmed",
    "trashedAt": "2025-10-09T10:28:10.500Z",
    "trashedBy": 1,
    "trashReason": "Bulk delete",
    "createdAt": "2025-10-08T10:50:12.242Z"
  },
  {
    "id": 38,
    "eventId": 8,
    "name": "Mubashir Ayub",
    "email": "mubashir2good@gmail.com",
    "phone": "03061340017",
    "education": "Masters",
    "destination": "USA, Australia, Germany",
    "token": "e63d6ccca887a5fe095adf9dd028ecd7db3de8e27805db4269e5b10a447afd78",
    "qrCodeUrl": "/qr-codes/reg-38-1759919748320.png",
    "sheetRowId": null,
    "isAttended": true,
    "attendedAt": "2025-10-09T05:39:50.166Z",
    "prizeStatus": "eligible",
    "prizeReadyAt": null,
    "prizeDistributedAt": null,
    "status": "confirmed",
    "trashedAt": "2025-10-09T10:28:10.500Z",
    "trashedBy": 1,
    "trashReason": "Bulk delete",
    "createdAt": "2025-10-08T10:35:48.276Z"
  },
  {
    "id": 37,
    "eventId": 8,
    "name": "Mubashir Ayub",
    "email": "mubashir2good@gmail.com",
    "phone": "03061340017",
    "education": "Bachelors",
    "destination": "Australia, USA, Germany, UK, Turkey",
    "token": "5c75f8380d59f37d654892c86291bd9035b2d91f2291b80e0690beafd9f9701c",
    "qrCodeUrl": "/qr-codes/reg-37-1759917032535.png",
    "sheetRowId": null,
    "isAttended": false,
    "attendedAt": null,
    "prizeStatus": "pending",
    "prizeReadyAt": null,
    "prizeDistributedAt": null,
    "status": "confirmed",
    "trashedAt": "2025-10-09T10:28:10.500Z",
    "trashedBy": 1,
    "trashReason": "Bulk delete",
    "createdAt": "2025-10-08T09:50:32.492Z"
  },
  {
    "id": 36,
    "eventId": 8,
    "name": "Mubashir Ayub",
    "email": "mubashir2good@gmail.com",
    "phone": "03061340017",
    "education": "Masters",
    "destination": "USA, Australia, Turkey, Germany",
    "token": "9fbc72cb895b03bf19c589ce2679da58a3014a2eced8e3ec721ce61313735434",
    "qrCodeUrl": "/qr-codes/reg-36-1759916851152.png",
    "sheetRowId": null,
    "isAttended": false,
    "attendedAt": null,
    "prizeStatus": "pending",
    "prizeReadyAt": null,
    "prizeDistributedAt": null,
    "status": "confirmed",
    "trashedAt": "2025-10-09T10:28:10.500Z",
    "trashedBy": 1,
    "trashReason": "Bulk delete",
    "createdAt": "2025-10-08T09:47:31.110Z"
  },
  {
    "id": 35,
    "eventId": 8,
    "name": "Mubashir Ayub",
    "email": "mubashir2good@gmail.com",
    "phone": "03061340017",
    "education": "Associate Degree",
    "destination": "USA, Australia, Belgium",
    "token": "9caea528ae82dd7dcb91536290cd69395d4660842fe671fbc87f2354316a1968",
    "qrCodeUrl": "/qr-codes/reg-35-1759916376799.png",
    "sheetRowId": null,
    "isAttended": false,
    "attendedAt": null,
    "prizeStatus": "pending",
    "prizeReadyAt": null,
    "prizeDistributedAt": null,
    "status": "confirmed",
    "trashedAt": "2025-10-09T10:28:10.500Z",
    "trashedBy": 1,
    "trashReason": "Bulk delete",
    "createdAt": "2025-10-08T09:39:36.757Z"
  },
  {
    "id": 34,
    "eventId": 8,
    "name": "Mubashir Ayub",
    "email": "mubashir2good@gmail.com",
    "phone": "03061340017",
    "education": "Bachelors",
    "destination": "Australia, USA, Germany, Turkey",
    "token": "6ea9e090722d02dfd9d41dba5c54af5db049bee0aa6e9c06adc37405fbae9e7b",
    "qrCodeUrl": "/qr-codes/reg-34-1759913720755.png",
    "sheetRowId": null,
    "isAttended": false,
    "attendedAt": null,
    "prizeStatus": "pending",
    "prizeReadyAt": null,
    "prizeDistributedAt": null,
    "status": "confirmed",
    "trashedAt": "2025-10-09T10:28:10.500Z",
    "trashedBy": 1,
    "trashReason": "Bulk delete",
    "createdAt": "2025-10-08T08:55:20.707Z"
  },
  {
    "id": 33,
    "eventId": 8,
    "name": "Mubashir Ayub",
    "email": "mubashir2good@gmail.com",
    "phone": "03061340017",
    "education": "Bachelors",
    "destination": "Other, Turkey, Sweden",
    "token": "e6b23665693b224c976beb13b37d04f848f7764c833e4187b5c2825b8ef63464",
    "qrCodeUrl": "/qr-codes/reg-33-1759910969702.png",
    "sheetRowId": null,
    "isAttended": false,
    "attendedAt": null,
    "prizeStatus": "pending",
    "prizeReadyAt": null,
    "prizeDistributedAt": null,
    "status": "confirmed",
    "trashedAt": "2025-10-09T10:28:10.500Z",
    "trashedBy": 1,
    "trashReason": "Bulk delete",
    "createdAt": "2025-10-08T08:09:29.645Z"
  },
  {
    "id": 32,
    "eventId": 8,
    "name": "Mubashir Ayub",
    "email": "mubashir2good@gmail.com",
    "phone": "03061340017",
    "education": "PhD",
    "destination": "USA, Australia, Belgium",
    "token": "bad500884075225029186867ad763cf0786a6aef7ded6b63fcc456adb5602cf8",
    "qrCodeUrl": "/qr-codes/reg-32-1759910608740.png",
    "sheetRowId": null,
    "isAttended": false,
    "attendedAt": null,
    "prizeStatus": "pending",
    "prizeReadyAt": null,
    "prizeDistributedAt": null,
    "status": "confirmed",
    "trashedAt": "2025-10-09T10:28:10.500Z",
    "trashedBy": 1,
    "trashReason": "Bulk delete",
    "createdAt": "2025-10-08T08:03:28.695Z"
  },
  {
    "id": 31,
    "eventId": 8,
    "name": "Mubashir Ayub",
    "email": "mubashir2good@gmail.com",
    "phone": "03061340017",
    "education": "Bachelors",
    "destination": "USA, Australia, Belgium, Cyprus",
    "token": "6888b4240557d66bafbe3444903b34b7a6698748711c42a3a4d78e3fc5edbd58",
    "qrCodeUrl": "/qr-codes/reg-31-1759910039943.png",
    "sheetRowId": null,
    "isAttended": false,
    "attendedAt": null,
    "prizeStatus": "pending",
    "prizeReadyAt": null,
    "prizeDistributedAt": null,
    "status": "confirmed",
    "trashedAt": "2025-10-09T10:28:10.500Z",
    "trashedBy": 1,
    "trashReason": "Bulk delete",
    "createdAt": "2025-10-08T07:53:59.900Z"
  },
  {
    "id": 30,
    "eventId": 8,
    "name": "Mubashir Ayub",
    "email": "mubashir2good@gmail.com",
    "phone": "03061340017",
    "education": "Bachelors",
    "destination": "USA, Australia, Belgium, Cyprus",
    "token": "5e3dd86f1d99f245d67931ca421bbb57b4e72eff08796b6020188d0a1aa350a1",
    "qrCodeUrl": "/qr-codes/reg-30-1759909814073.png",
    "sheetRowId": null,
    "isAttended": false,
    "attendedAt": null,
    "prizeStatus": "pending",
    "prizeReadyAt": null,
    "prizeDistributedAt": null,
    "status": "confirmed",
    "trashedAt": "2025-10-09T10:28:10.500Z",
    "trashedBy": 1,
    "trashReason": "Bulk delete",
    "createdAt": "2025-10-08T07:50:14.024Z"
  },
  {
    "id": 29,
    "eventId": 8,
    "name": "Mubashir Ayub",
    "email": "mubashir2good@gmail.com",
    "phone": "03061340017",
    "education": "Bachelors",
    "destination": "UK, Germany, Turkey, Other",
    "token": "bf26dda8a78a12fc646097f2ca5033fb0d1c28b7844638192eb4a698652a21a5",
    "qrCodeUrl": "/qr-codes/reg-29-1759909563497.png",
    "sheetRowId": null,
    "isAttended": false,
    "attendedAt": null,
    "prizeStatus": "pending",
    "prizeReadyAt": null,
    "prizeDistributedAt": null,
    "status": "confirmed",
    "trashedAt": "2025-10-09T10:28:10.500Z",
    "trashedBy": 1,
    "trashReason": "Bulk delete",
    "createdAt": "2025-10-08T07:46:03.456Z"
  },
  {
    "id": 28,
    "eventId": 8,
    "name": "Umer",
    "email": "farooq1057@gmail.com",
    "phone": "03216051057",
    "education": "Bachelors",
    "destination": "USA, Belgium, UK, Turkey",
    "token": "51fdd57783ff55e31c651e5db6dcbdf9add75f61700ff5858316cef65c7e518e",
    "qrCodeUrl": "/qr-codes/reg-28-1759909549575.png",
    "sheetRowId": null,
    "isAttended": false,
    "attendedAt": null,
    "prizeStatus": "pending",
    "prizeReadyAt": null,
    "prizeDistributedAt": null,
    "status": "confirmed",
    "trashedAt": "2025-10-09T10:28:10.500Z",
    "trashedBy": 1,
    "trashReason": "Bulk delete",
    "createdAt": "2025-10-08T07:45:49.531Z"
  },
  {
    "id": 27,
    "eventId": 8,
    "name": "Mubashir Ayub",
    "email": "mubashir2good@gmail.com",
    "phone": "03061340017",
    "education": "Bachelors",
    "destination": "USA, Turkey, Germany, Finland",
    "token": "b76695671a49b035dea15fb3751bf261115037be10c320a2bf2129b63687507d",
    "qrCodeUrl": "/qr-codes/reg-27-1759909336245.png",
    "sheetRowId": null,
    "isAttended": false,
    "attendedAt": null,
    "prizeStatus": "pending",
    "prizeReadyAt": null,
    "prizeDistributedAt": null,
    "status": "confirmed",
    "trashedAt": "2025-10-09T10:28:10.500Z",
    "trashedBy": 1,
    "trashReason": "Bulk delete",
    "createdAt": "2025-10-08T07:42:16.192Z"
  },
  {
    "id": 26,
    "eventId": 8,
    "name": "Mubashir Ayub",
    "email": "mubashir2good@gmail.com",
    "phone": "03061340017",
    "education": "Associate Degree",
    "destination": "USA, Australia, Germany, Sweden, Finland, Canada",
    "token": "28b78e18de578792838005e5d0d374d7f5c0f614a925a1d95d0a50de988cb457",
    "qrCodeUrl": "/qr-codes/reg-26-1759907719651.png",
    "sheetRowId": null,
    "isAttended": false,
    "attendedAt": null,
    "prizeStatus": "pending",
    "prizeReadyAt": null,
    "prizeDistributedAt": null,
    "status": "confirmed",
    "trashedAt": "2025-10-09T10:28:10.500Z",
    "trashedBy": 1,
    "trashReason": "Bulk delete",
    "createdAt": "2025-10-08T07:15:19.605Z"
  },
  {
    "id": 25,
    "eventId": 8,
    "name": "Nouman",
    "email": "ewsd@gmail.com",
    "phone": "03498744444",
    "education": "Bachelors",
    "destination": "Turkey, Canada",
    "token": "df6456d69df0b43e08cd43cb64c1ba0bac2f391140ab158af3dde103a1b08e6d",
    "qrCodeUrl": "/qr-codes/reg-25-1759906313351.png",
    "sheetRowId": null,
    "isAttended": true,
    "attendedAt": "2025-10-09T05:34:20.356Z",
    "prizeStatus": "eligible",
    "prizeReadyAt": null,
    "prizeDistributedAt": null,
    "status": "confirmed",
    "trashedAt": "2025-10-09T10:28:10.500Z",
    "trashedBy": 1,
    "trashReason": "Bulk delete",
    "createdAt": "2025-10-08T06:51:53.294Z"
  },
  {
    "id": 24,
    "eventId": 8,
    "name": "Mubashir Ayub",
    "email": "mubashir2good@gmail.com",
    "phone": "03061340017",
    "education": "PhD",
    "destination": "USA, UK, Turkey",
    "token": "982923cb6fe6e8fdb5c95a64824d7696f7d7b9e7f44d09612def947820eadb0c",
    "qrCodeUrl": "/qr-codes/reg-24-1759904683712.png",
    "sheetRowId": null,
    "isAttended": false,
    "attendedAt": null,
    "prizeStatus": "pending",
    "prizeReadyAt": null,
    "prizeDistributedAt": null,
    "status": "confirmed",
    "trashedAt": "2025-10-09T10:28:10.501Z",
    "trashedBy": 1,
    "trashReason": "Bulk delete",
    "createdAt": "2025-10-08T06:24:43.667Z"
  },
  {
    "id": 23,
    "eventId": 8,
    "name": "Mubashir Ayub",
    "email": "mubashir2good@gmail.com",
    "phone": "03061340017",
    "education": "Bachelors",
    "destination": "USA, Australia, Turkey",
    "token": "2d6b2f1b9fabf9c27f73cbfd9e1963147b7242c5787d147be6fbea9b7ffb81e1",
    "qrCodeUrl": "/qr-codes/reg-23-1759904475412.png",
    "sheetRowId": null,
    "isAttended": false,
    "attendedAt": null,
    "prizeStatus": "pending",
    "prizeReadyAt": null,
    "prizeDistributedAt": null,
    "status": "confirmed",
    "trashedAt": "2025-10-09T10:28:10.501Z",
    "trashedBy": 1,
    "trashReason": "Bulk delete",
    "createdAt": "2025-10-08T06:21:15.367Z"
  },
  {
    "id": 22,
    "eventId": 8,
    "name": "Mubashir Ayub",
    "email": "mubashir2good@gmail.com",
    "phone": "03061340017",
    "education": "Masters",
    "destination": "USA, Germany, Other",
    "token": "284415ab14ea9e89ef72cd07bd8d05a6e57deb7fb72f4fdc043ed30efcdb4d02",
    "qrCodeUrl": "/qr-codes/reg-22-1759903993586.png",
    "sheetRowId": null,
    "isAttended": false,
    "attendedAt": null,
    "prizeStatus": "pending",
    "prizeReadyAt": null,
    "prizeDistributedAt": null,
    "status": "confirmed",
    "trashedAt": "2025-10-09T10:28:10.501Z",
    "trashedBy": 1,
    "trashReason": "Bulk delete",
    "createdAt": "2025-10-08T06:13:13.533Z"
  },
  {
    "id": 21,
    "eventId": 8,
    "name": "Mubashir Ayub",
    "email": "mubashir2good@gmail.com",
    "phone": "03061340017",
    "education": "Diploma",
    "destination": "Germany",
    "token": "5f743f881e33bffaf27d81a785b5e26b5037543436dd86123c810c1888ed4e43",
    "qrCodeUrl": "/qr-codes/reg-21-1759835038361.png",
    "sheetRowId": null,
    "isAttended": false,
    "attendedAt": null,
    "prizeStatus": "pending",
    "prizeReadyAt": null,
    "prizeDistributedAt": null,
    "status": "confirmed",
    "trashedAt": "2025-10-09T10:28:10.501Z",
    "trashedBy": 1,
    "trashReason": "Bulk delete",
    "createdAt": "2025-10-07T11:03:58.244Z"
  },
  {
    "id": 20,
    "eventId": 8,
    "name": "Mubashir Ayub",
    "email": "xcontechnologies@gmail.com",
    "phone": "03061340017",
    "education": "Masters",
    "destination": "Sweden",
    "token": "6986d371b77e4c51ed147cf1b83c868e88141a4a9f1a78b1b90c8956578da2cf",
    "qrCodeUrl": "/qr-codes/reg-20-1759834504034.png",
    "sheetRowId": null,
    "isAttended": false,
    "attendedAt": null,
    "prizeStatus": "pending",
    "prizeReadyAt": null,
    "prizeDistributedAt": null,
    "status": "confirmed",
    "trashedAt": "2025-10-09T10:28:10.501Z",
    "trashedBy": 1,
    "trashReason": "Bulk delete",
    "createdAt": "2025-10-07T10:55:03.981Z"
  },
  {
    "id": 19,
    "eventId": 8,
    "name": "umer farooq",
    "email": "test@gmail.com",
    "phone": "923487654534",
    "education": "Masters",
    "destination": "Turkey",
    "token": "512aeed1765cdcdf6dadb175900853eaa88f14d8fb0ad27d934c48b124edf3ce",
    "qrCodeUrl": "/qr-codes/reg-19-1759834213989.png",
    "sheetRowId": null,
    "isAttended": false,
    "attendedAt": null,
    "prizeStatus": "pending",
    "prizeReadyAt": null,
    "prizeDistributedAt": null,
    "status": "confirmed",
    "trashedAt": "2025-10-09T10:28:10.501Z",
    "trashedBy": 1,
    "trashReason": "Bulk delete",
    "createdAt": "2025-10-07T10:50:13.952Z"
  },
  {
    "id": 18,
    "eventId": 8,
    "name": "Mubashir Ayub",
    "email": "xcontechnologies@gmail.com",
    "phone": "03061340017",
    "education": "Masters",
    "destination": "Finland",
    "token": "1f84228817baa726d69d30ab9d3a5a3a163624bdaed08cc65739922f028e6d4a",
    "qrCodeUrl": "/qr-codes/reg-18-1759833521888.png",
    "sheetRowId": null,
    "isAttended": false,
    "attendedAt": null,
    "prizeStatus": "pending",
    "prizeReadyAt": null,
    "prizeDistributedAt": null,
    "status": "confirmed",
    "trashedAt": "2025-10-09T10:28:10.501Z",
    "trashedBy": 1,
    "trashReason": "Bulk delete",
    "createdAt": "2025-10-07T10:38:41.840Z"
  },
  {
    "id": 17,
    "eventId": 8,
    "name": "XCon Rev",
    "email": "hamdan7394@gmail.com",
    "phone": "3447728877",
    "education": "PhD",
    "destination": "Finland",
    "token": "ea56a93cf5d1907465631b3b174b47180b2358c12d6a80d0f0591866686b8f66",
    "qrCodeUrl": "/qr-codes/reg-17-1759833162903.png",
    "sheetRowId": null,
    "isAttended": false,
    "attendedAt": null,
    "prizeStatus": "pending",
    "prizeReadyAt": null,
    "prizeDistributedAt": null,
    "status": "confirmed",
    "trashedAt": "2025-10-09T10:28:10.501Z",
    "trashedBy": 1,
    "trashReason": "Bulk delete",
    "createdAt": "2025-10-07T10:32:42.778Z"
  },
  {
    "id": 16,
    "eventId": 8,
    "name": "XCon Replit",
    "email": "hamdan7394@gmail.com",
    "phone": "3447728877",
    "education": "PhD",
    "destination": "Cyprus",
    "token": "71f388d990dc6d2dcba07a5ad056c20c9f806f3b8adc424d2b0ae21df4ff2a99",
    "qrCodeUrl": "/qr-codes/reg-16-1759832637389.png",
    "sheetRowId": null,
    "isAttended": false,
    "attendedAt": null,
    "prizeStatus": "pending",
    "prizeReadyAt": null,
    "prizeDistributedAt": null,
    "status": "confirmed",
    "trashedAt": "2025-10-09T10:28:10.501Z",
    "trashedBy": 1,
    "trashReason": "Bulk delete",
    "createdAt": "2025-10-07T10:23:57.346Z"
  },
  {
    "id": 15,
    "eventId": 8,
    "name": "XCon Replit",
    "email": "hamdan7394@gmail.com",
    "phone": "3447728877",
    "education": "Masters",
    "destination": "Turkey",
    "token": "9ec4a076a9a1802c068fb25259992f49363765ac1ad97016d80b5a0851ca1201",
    "qrCodeUrl": "/qr-codes/reg-15-1759832484267.png",
    "sheetRowId": null,
    "isAttended": false,
    "attendedAt": null,
    "prizeStatus": "pending",
    "prizeReadyAt": null,
    "prizeDistributedAt": null,
    "status": "confirmed",
    "trashedAt": "2025-10-09T10:28:10.501Z",
    "trashedBy": 1,
    "trashReason": "Bulk delete",
    "createdAt": "2025-10-07T10:21:24.212Z"
  },
  {
    "id": 14,
    "eventId": 8,
    "name": "XCon Replit",
    "email": "mubashir2good@gmail.com",
    "phone": "3447728877",
    "education": "Associate Degree",
    "destination": "Cyprus",
    "token": "f1bf8a55f1963692c46c029de51cf70d7f23d3a03666737aa4683ec17b4ac6de",
    "qrCodeUrl": "/qr-codes/reg-14-1759832151851.png",
    "sheetRowId": null,
    "isAttended": false,
    "attendedAt": null,
    "prizeStatus": "pending",
    "prizeReadyAt": null,
    "prizeDistributedAt": null,
    "status": "confirmed",
    "trashedAt": "2025-10-09T10:28:10.501Z",
    "trashedBy": 1,
    "trashReason": "Bulk delete",
    "createdAt": "2025-10-07T10:15:51.729Z"
  },
  {
    "id": 13,
    "eventId": 8,
    "name": "XCon Rev",
    "email": "admin@admin.com",
    "phone": "+44 20 1234567",
    "education": "Masters",
    "destination": "Cyprus",
    "token": "fef48fdb607a83b3a3a0dcd1551f35f13d29cf1cfc298c085d4533316031fa23",
    "qrCodeUrl": "/qr-codes/reg-13-1759831200507.png",
    "sheetRowId": null,
    "isAttended": false,
    "attendedAt": null,
    "prizeStatus": "pending",
    "prizeReadyAt": null,
    "prizeDistributedAt": null,
    "status": "confirmed",
    "trashedAt": "2025-10-09T10:28:10.501Z",
    "trashedBy": 1,
    "trashReason": "Bulk delete",
    "createdAt": "2025-10-07T10:00:00.459Z"
  },
  {
    "id": 12,
    "eventId": 8,
    "name": "mubashir ayub",
    "email": "mubashir2good@gmail.com",
    "phone": "03061340017",
    "education": "Bachelors",
    "destination": "Canada",
    "token": "ba2f879673b9ea52d9d5bf5dd4d5fce5b7047ffd9b1e011d32e018710dfad6fd",
    "qrCodeUrl": "/qr-codes/reg-12-1759831013871.png",
    "sheetRowId": null,
    "isAttended": false,
    "attendedAt": null,
    "prizeStatus": "pending",
    "prizeReadyAt": null,
    "prizeDistributedAt": null,
    "status": "confirmed",
    "trashedAt": "2025-10-09T10:28:10.501Z",
    "trashedBy": 1,
    "trashReason": "Bulk delete",
    "createdAt": "2025-10-07T09:56:53.823Z"
  },
  {
    "id": 11,
    "eventId": 8,
    "name": "XCon Replit",
    "email": "hamdan7394@gmail.com",
    "phone": "3447728877",
    "education": "Masters",
    "destination": "Cyprus",
    "token": "ca08c9b70f354d82e2f70c0b889b0591107d63ea4ac7be14828f2c9e8221e3f3",
    "qrCodeUrl": "/qr-codes/reg-11-1759829561027.png",
    "sheetRowId": null,
    "isAttended": false,
    "attendedAt": null,
    "prizeStatus": "pending",
    "prizeReadyAt": null,
    "prizeDistributedAt": null,
    "status": "confirmed",
    "trashedAt": "2025-10-09T10:28:10.501Z",
    "trashedBy": 1,
    "trashReason": "Bulk delete",
    "createdAt": "2025-10-07T09:32:40.976Z"
  },
  {
    "id": 10,
    "eventId": 8,
    "name": "Mubashir Ayub",
    "email": "mubashir2good@gmail.com",
    "phone": "03061340017",
    "education": "Bachelors",
    "destination": "Canada",
    "token": "641b049adaa520286363db8344eea198dd1d57bf44a80e7162c373041a0d1d60",
    "qrCodeUrl": "/qr-codes/reg-10-1759822474033.png",
    "sheetRowId": null,
    "isAttended": false,
    "attendedAt": null,
    "prizeStatus": "pending",
    "prizeReadyAt": null,
    "prizeDistributedAt": null,
    "status": "confirmed",
    "trashedAt": "2025-10-09T10:28:10.501Z",
    "trashedBy": 1,
    "trashReason": "Bulk delete",
    "createdAt": "2025-10-07T07:34:33.993Z"
  },
  {
    "id": 9,
    "eventId": 8,
    "name": "Final Test User",
    "email": "finaltest@test.com",
    "phone": "+92 300 9999999",
    "education": "Masters",
    "destination": "Canada",
    "token": "d3c86e9dfa182b9f988ce74e25f9e2545dfc178ede073abf4ce81a90d0859d99",
    "qrCodeUrl": "/qr-codes/reg-9-1759821143890.png",
    "sheetRowId": null,
    "isAttended": false,
    "attendedAt": null,
    "prizeStatus": "pending",
    "prizeReadyAt": null,
    "prizeDistributedAt": null,
    "status": "confirmed",
    "trashedAt": "2025-10-09T10:28:10.501Z",
    "trashedBy": 1,
    "trashReason": "Bulk delete",
    "createdAt": "2025-10-07T07:12:23.845Z"
  },
  {
    "id": 8,
    "eventId": 8,
    "name": "Mubashir Ayub",
    "email": "mubashir2good@gmail.com",
    "phone": "03061340017",
    "education": "Bachelors",
    "destination": "Finland",
    "token": "ba2dbbd588d2011597a101b3b2236798a8d190258370b316beac8f3d0e890ae6",
    "qrCodeUrl": "/qr-codes/reg-8-1759821116691.png",
    "sheetRowId": null,
    "isAttended": false,
    "attendedAt": null,
    "prizeStatus": "pending",
    "prizeReadyAt": null,
    "prizeDistributedAt": null,
    "status": "confirmed",
    "trashedAt": "2025-10-09T10:28:10.501Z",
    "trashedBy": 1,
    "trashReason": "Bulk delete",
    "createdAt": "2025-10-07T07:11:56.657Z"
  },
  {
    "id": 7,
    "eventId": 8,
    "name": "Test QR User",
    "email": "qrtest@test.com",
    "phone": "+92 300 1234567",
    "education": "Bachelor",
    "destination": "UK",
    "token": "9673078da36f30c68a4884b1665863fce4eddb58708797513bfcc562efac9242",
    "qrCodeUrl": "/qr-codes/reg-7-1759820978385.png",
    "sheetRowId": null,
    "isAttended": false,
    "attendedAt": null,
    "prizeStatus": "pending",
    "prizeReadyAt": null,
    "prizeDistributedAt": null,
    "status": "confirmed",
    "trashedAt": "2025-10-09T10:28:10.501Z",
    "trashedBy": 1,
    "trashReason": "Bulk delete",
    "createdAt": "2025-10-07T07:09:38.343Z"
  },
  {
    "id": 6,
    "eventId": 8,
    "name": "Test User",
    "email": "test@test.com",
    "phone": "+92 300 1234567",
    "education": "Bachelor",
    "destination": "UK",
    "token": "6139d845c83ff614875e5d53321fef7b2290187396dcf149c4f099369df859a1",
    "qrCodeUrl": "/qr-codes/reg-6-1759820968582.png",
    "sheetRowId": null,
    "isAttended": false,
    "attendedAt": null,
    "prizeStatus": "pending",
    "prizeReadyAt": null,
    "prizeDistributedAt": null,
    "status": "confirmed",
    "trashedAt": "2025-10-09T10:28:10.501Z",
    "trashedBy": 1,
    "trashReason": "Bulk delete",
    "createdAt": "2025-10-07T07:09:28.462Z"
  },
  {
    "id": 5,
    "eventId": 8,
    "name": "Nouman Ali",
    "email": "deal@gmail.com",
    "phone": "+923498765432",
    "education": "Bachelors",
    "destination": "Cyprus",
    "token": "8a93d95d134223564232fc6e014f762cf780a92f65812c1692d27410ff5161ac",
    "qrCodeUrl": "/qr-codes/reg-5-1759818782154.png",
    "sheetRowId": null,
    "isAttended": false,
    "attendedAt": null,
    "prizeStatus": "pending",
    "prizeReadyAt": null,
    "prizeDistributedAt": null,
    "status": "confirmed",
    "trashedAt": "2025-10-09T10:28:10.501Z",
    "trashedBy": 1,
    "trashReason": "Bulk delete",
    "createdAt": "2025-10-07T06:33:02.119Z"
  },
  {
    "id": 4,
    "eventId": 8,
    "name": "Mubashir",
    "email": "mubashir2good@gmail.com",
    "phone": "03061340017",
    "education": "Bachelors",
    "destination": "Cyprus",
    "token": "51b6a4ec205c380af3956acab796957cd017e32381b0170bf0d3297fc6db552e",
    "qrCodeUrl": "/qr-codes/reg-4-1759818627547.png",
    "sheetRowId": null,
    "isAttended": false,
    "attendedAt": null,
    "prizeStatus": "pending",
    "prizeReadyAt": null,
    "prizeDistributedAt": null,
    "status": "confirmed",
    "trashedAt": "2025-10-09T10:28:10.501Z",
    "trashedBy": 1,
    "trashReason": "Bulk delete",
    "createdAt": "2025-10-07T06:30:27.516Z"
  },
  {
    "id": 3,
    "eventId": 8,
    "name": "Mubashir Ayub",
    "email": "mubashir2good@gmail.com",
    "phone": "03061340017",
    "education": "Bachelors",
    "destination": "Finland",
    "token": "ea9c49eaad90c48d36265160f7b8af9ed24fe5c198ea885c70f633bb9a1e70e6",
    "qrCodeUrl": "/qr-codes/reg-3-1759818233570.png",
    "sheetRowId": null,
    "isAttended": false,
    "attendedAt": null,
    "prizeStatus": "pending",
    "prizeReadyAt": null,
    "prizeDistributedAt": null,
    "status": "confirmed",
    "trashedAt": "2025-10-09T10:28:10.501Z",
    "trashedBy": 1,
    "trashReason": "Bulk delete",
    "createdAt": "2025-10-07T06:23:53.539Z"
  },
  {
    "id": 2,
    "eventId": 8,
    "name": "Mubashir Ayub",
    "email": "mubashir2good@gmail.com",
    "phone": "03061340017",
    "education": "Bachelors",
    "destination": "Canada",
    "token": "74b0e4fff342f54423700586dd2e20ae6abf2d91da63508e2eb7a556ec36fde1",
    "qrCodeUrl": "/qr-codes/reg-2-1759817874713.png",
    "sheetRowId": null,
    "isAttended": false,
    "attendedAt": null,
    "prizeStatus": "pending",
    "prizeReadyAt": null,
    "prizeDistributedAt": null,
    "status": "confirmed",
    "trashedAt": "2025-10-09T10:28:10.501Z",
    "trashedBy": 1,
    "trashReason": "Bulk delete",
    "createdAt": "2025-10-07T06:17:54.683Z"
  },
  {
    "id": 1,
    "eventId": 8,
    "name": "Mubashir Testing",
    "email": "mubashir2good@gmail.com",
    "phone": "03061340017",
    "education": "Bachelors",
    "destination": "Germany",
    "token": "11365157f25c38de07dabee32df80ded55a20064e9128bfa9160a1bfd201ca2f",
    "qrCodeUrl": "/qr-codes/reg-1-1759817718002.png",
    "sheetRowId": null,
    "isAttended": false,
    "attendedAt": null,
    "prizeStatus": "pending",
    "prizeReadyAt": null,
    "prizeDistributedAt": null,
    "status": "confirmed",
    "trashedAt": "2025-10-09T10:28:10.501Z",
    "trashedBy": 1,
    "trashReason": "Bulk delete",
    "createdAt": "2025-10-07T06:15:17.963Z"
  }
]