[
  {
    "id": 12,
    "username": "marketingdpt",
    "password": "[REDACTED]",
    "email": "humayunjohn52@gmail.com",
    "roles": [
      "events_manager"
    ],
    "permissions": {
      "canAccessEvents": true,
      "canAccessQRScanner": true,
      "canDownloadRegistrations": true
    },
    "isActive": true,
    "lastLogin": "2025-11-04T10:30:24.868Z",
    "trashedAt": null,
    "trashedBy": null,
    "trashReason": null,
    "createdAt": "2025-11-01T05:30:21.670Z"
  },
  {
    "id": 11,
    "username": "gwjadmin",
    "password": "[REDACTED]",
    "email": "usama.bashir@teamdunya.com",
    "roles": [
      "events_manager"
    ],
    "permissions": {
      "canAccessEvents": true,
      "canAccessQRScanner": true,
      "canDownloadRegistrations": true
    },
    "isActive": true,
    "lastLogin": "2025-11-06T07:33:21.702Z",
    "trashedAt": null,
    "trashedBy": null,
    "trashReason": null,
    "createdAt": "2025-10-23T05:22:25.142Z"
  },
  {
    "id": 10,
    "username": "bwpadmin",
    "password": "[REDACTED]",
    "email": "khalilryk22@gmail.com",
    "roles": [
      "events_manager"
    ],
    "permissions": {
      "canAccessEvents": true,
      "canAccessQRScanner": true,
      "canDownloadRegistrations": true
    },
    "isActive": true,
    "lastLogin": "2025-10-30T12:34:51.602Z",
    "trashedAt": null,
    "trashedBy": null,
    "trashReason": null,
    "createdAt": "2025-10-09T12:01:37.388Z"
  },
  {
    "id": 9,
    "username": "abuzar",
    "password": "[REDACTED]",
    "email": "zarchohan@gmail.com",
    "roles": [
      "leads_manager",
      "editor"
    ],
    "permissions": {
      "canCreate": true,
      "canEdit": true,
      "canPublish": false,
      "canDelete": false,
      "canManageUsers": true,
      "canManageCategories": false,
      "canViewAnalytics": false,
      "canManageMedia": false,
      "canManageLeads": true,
      "canAccessEvents": false
    },
    "isActive": true,
    "lastLogin": "2025-10-28T05:27:26.846Z",
    "trashedAt": null,
    "trashedBy": null,
    "trashReason": null,
    "createdAt": "2025-10-08T10:40:53.299Z"
  },
  {
    "id": 8,
    "username": "test1",
    "password": "[REDACTED]",
    "email": "test1",
    "roles": [
      "editor"
    ],
    "permissions": null,
    "isActive": true,
    "lastLogin": "2025-09-25T07:27:18.789Z",
    "trashedAt": null,
    "trashedBy": null,
    "trashReason": null,
    "createdAt": "2025-09-24T11:56:27.146Z"
  },
  {
    "id": 5,
    "username": "mubashir",
    "password": "[REDACTED]",
    "email": "mubashir2good@gmail.com",
    "roles": [
      "admin"
    ],
    "permissions": null,
    "isActive": true,
    "lastLogin": "2025-11-14T11:22:06.195Z",
    "trashedAt": null,
    "trashedBy": null,
    "trashReason": null,
    "createdAt": "2025-09-24T10:24:16.605Z"
  },
  {
    "id": 1,
    "username": "dunyasgd",
    "password": "[REDACTED]",
    "email": "admin@dunyaconsultants.com",
    "roles": [
      "admin"
    ],
    "permissions": null,
    "isActive": true,
    "lastLogin": "2025-11-14T11:23:14.468Z",
    "trashedAt": null,
    "trashedBy": null,
    "trashReason": null,
    "createdAt": "2025-07-22T11:02:51.055Z"
  }
]