[
  {
    "id": 9,
    "name": "Accommodation",
    "slug": "accommodation",
    "description": "Find your home away from home. This section provides everything you need to know about securing student accommodation, including budget tips, city guides, and a checklist for a smooth move-in.",
    "parentId": null,
    "focusKeyword": "Accommodation",
    "metaTitle": "Find Student Accommodation Abroad - Housing Guides",
    "metaDescription": "Secure your student housing with less stress. Discover how to find safe, affordable accommodation, from dorms to private rentals, and avoid scams.",
    "isActive": true,
    "trashedAt": null,
    "trashedBy": null,
    "trashReason": null,
    "createdAt": "2025-09-26T06:24:17.058Z",
    "updatedAt": "2025-09-26T10:27:31.200Z"
  },
  {
    "id": 3,
    "name": "Application Process",
    "slug": "application-process",
    "description": "A strong application is your ticket to a top university. We guide you through every step, from crafting the perfect personal statement to submitting a flawless application.",
    "parentId": null,
    "focusKeyword": "Application Process",
    "metaTitle": "University Application Guidance - SOP & LOR Tips - Dunya Consultants",
    "metaDescription": "Master the university application process. Learn how to write a winning Statement of Purpose (SOP), get strong Letters of Recommendation (LORs), and avoid common mistakes.",
    "isActive": true,
    "trashedAt": null,
    "trashedBy": null,
    "trashReason": null,
    "createdAt": "2025-09-26T06:24:17.058Z",
    "updatedAt": "2025-09-26T10:18:43.826Z"
  },
  {
    "id": 11,
    "name": "Career Development",
    "slug": "career-development",
    "description": "Your international degree is a gateway to global career opportunities. Learn how to leverage your education, find internships, and navigate the post-study work visa landscape.",
    "parentId": null,
    "focusKeyword": "Career Development",
    "metaTitle": "Post-Study Work & Career Guidance for Students - Dunya Consultants",
    "metaDescription": "Plan your career after graduation. Explore post-study work visa options, internship opportunities, and career advice for international students in the UK, Canada, and more.",
    "isActive": true,
    "trashedAt": null,
    "trashedBy": null,
    "trashReason": null,
    "createdAt": "2025-09-26T10:05:34.603Z",
    "updatedAt": "2025-09-26T10:17:23.713Z"
  },
  {
    "id": 1,
    "name": "Cost of Living",
    "slug": "cost-of-living",
    "description": "How much does it really cost to study abroad? Our practical guides provide detailed expense breakdowns for top student cities, plus smart tips on how to budget and save money.",
    "parentId": null,
    "focusKeyword": "Cost of Living",
    "metaTitle": "Student Cost of Living Abroad - Budgeting Guides - Dunya Consultants",
    "metaDescription": "Plan your budget for studying abroad. Get detailed breakdowns of tuition, accommodation, food, and transport costs for international students in popular countries.",
    "isActive": true,
    "trashedAt": null,
    "trashedBy": null,
    "trashReason": null,
    "createdAt": "2025-09-26T06:24:17.058Z",
    "updatedAt": "2025-09-26T10:17:40.448Z"
  },
  {
    "id": 22,
    "name": "Duolingo",
    "slug": "duolingo",
    "description": "The convenient and accessible Duolingo English Test is gaining popularity. Our guide helps you understand its unique format and provides strategies to achieve your target score efficiently.",
    "parentId": 7,
    "focusKeyword": "Duolingo ",
    "metaTitle": "Duolingo English Test Prep - Quick & Easy Guide - Dunya Consultants",
    "metaDescription": "Prepare for the Duolingo English Test (DET) with our tips and practice. Learn about the adaptive format and score high for university admissions.",
    "isActive": true,
    "trashedAt": null,
    "trashedBy": null,
    "trashReason": null,
    "createdAt": "2025-09-27T06:57:00.553Z",
    "updatedAt": "2025-09-27T06:57:00.553Z"
  },
  {
    "id": 20,
    "name": "IELTS Test Preparation",
    "slug": "ielts-test-preparation",
    "description": "Your guide to achieving a top score on the IELTS. We provide strategies, resources, and practice materials to help you confidently prepare for both Academic and General Training modules.",
    "parentId": 7,
    "focusKeyword": "IELTS Test Preparation",
    "metaTitle": " - Score High on Your Exam - Dunya Consultants",
    "metaDescription": "Master the IELTS exam with our comprehensive guides, practice tests, and expert tips for all sections: Listening, Reading, Writing, and Speaking.",
    "isActive": true,
    "trashedAt": null,
    "trashedBy": null,
    "trashReason": null,
    "createdAt": "2025-09-27T06:55:16.560Z",
    "updatedAt": "2025-09-27T06:55:16.560Z"
  },
  {
    "id": 24,
    "name": "LanguageCert ",
    "slug": "language-cert",
    "description": "If you're aiming for a UK visa or university admission, the LanguageCert PTE is a key option. Our preparation guides offer focused support to help you succeed in this specific Secure English Language Test (SELT).",
    "parentId": 7,
    "focusKeyword": "LanguageCert ",
    "metaTitle": "LanguageCert PTE Test Prep - UK Visa Approved Exam - Dunya Consultants",
    "metaDescription": "Prepare for the LanguageCert PTE, a UKVI-approved English test. Get study guides, practice materials, and tips for this secure English language test.",
    "isActive": true,
    "trashedAt": null,
    "trashedBy": null,
    "trashReason": null,
    "createdAt": "2025-09-27T06:58:27.720Z",
    "updatedAt": "2025-09-27T06:58:27.720Z"
  },
  {
    "id": 23,
    "name": "PTE",
    "slug": "pte",
    "description": "For those seeking a fast and accurate English test, PTE Academic is an excellent choice. Our resources are designed to help you master its integrated skills format and secure your desired score.",
    "parentId": 7,
    "focusKeyword": "PTE",
    "metaTitle": "PTE Academic Test Preparation - Fast & Accurate Scores - Dunya Consultants",
    "metaDescription": "Excel in the PTE Academic exam. Access our comprehensive preparation materials, practice tests, and expert advice for all communicative skills.",
    "isActive": true,
    "trashedAt": null,
    "trashedBy": null,
    "trashReason": null,
    "createdAt": "2025-09-27T06:57:35.036Z",
    "updatedAt": "2025-09-27T06:57:35.036Z"
  },
  {
    "id": 8,
    "name": "Student Health & Insurance",
    "slug": "student-health-insurance",
    "description": "University selection guides and admission requirements for top universities",
    "parentId": null,
    "focusKeyword": "Student Health",
    "metaTitle": "Student Health Insurance Guide - OSHC & NHS Info",
    "metaDescription": "Understand health insurance for studying abroad. Get clear information on OSHC, NHS, and other mandatory health coverage to ensure you are protected.",
    "isActive": true,
    "trashedAt": null,
    "trashedBy": null,
    "trashReason": null,
    "createdAt": "2025-09-26T06:24:17.058Z",
    "updatedAt": "2025-09-26T10:25:03.186Z"
  },
  {
    "id": 4,
    "name": "Study Abroad",
    "slug": "study-abroad",
    "description": "Your adventure starts here. From choosing the right country to finding the perfect university, our comprehensive guides cover everything you need to know about studying abroad. Let's make your dream a reality.",
    "parentId": null,
    "focusKeyword": "study abroad",
    "metaTitle": "Study Abroad Programs & Destinations | Your Ultimate Guide | Dunya Consultants",
    "metaDescription": "Explore top study abroad programs, destinations, and universities. Get expert advice on applications, scholarships, and planning your international education journey.",
    "isActive": true,
    "trashedAt": null,
    "trashedBy": null,
    "trashReason": null,
    "createdAt": "2025-09-26T06:24:17.058Z",
    "updatedAt": "2025-09-26T07:40:11.109Z"
  },
  {
    "id": 2,
    "name": "Study Abroad News",
    "slug": "study-abroad-news",
    "description": "The world of international education is constantly evolving. This is your source for the latest news and official updates on visa rules, university policies, and important deadlines you can't afford to miss.",
    "parentId": null,
    "focusKeyword": "study abroad",
    "metaTitle": "Study Abroad News - Latest Visa & Policy Updates",
    "metaDescription": "Get the latest news affecting international students. We cover official updates on visa rules, university deadlines, and new government policies.",
    "isActive": true,
    "trashedAt": null,
    "trashedBy": null,
    "trashReason": null,
    "createdAt": "2025-09-26T06:24:17.058Z",
    "updatedAt": "2025-09-26T10:30:12.375Z"
  },
  {
    "id": 5,
    "name": "Study Destinations",
    "slug": "study-destinations",
    "description": "Where will your education take you? Dive into our detailed guides on the world's top study destinations. Learn about the culture, education system, and opportunities waiting for you.",
    "parentId": null,
    "focusKeyword": "study destinations",
    "metaTitle": "Top Study Destinations for International Students | Dunya Consultants",
    "metaDescription": "Discover the best countries to study abroad. Compare universities, program costs, and post-study work opportunities in destinations like Canada, the UK, Australia, and the USA.",
    "isActive": true,
    "trashedAt": null,
    "trashedBy": null,
    "trashReason": null,
    "createdAt": "2025-09-26T06:24:17.058Z",
    "updatedAt": "2025-09-26T10:13:40.550Z"
  },
  {
    "id": 19,
    "name": "Study in Australia",
    "slug": "study-in-australia",
    "description": "Experience world-class education and a unique lifestyle down under. Our guide to studying in Australia helps you navigate university choices, visa applications, and career pathways.",
    "parentId": 5,
    "focusKeyword": "Study in Australia",
    "metaTitle": "Study in Australia - Universities, Visas & PR - Dunya Consultants",
    "metaDescription": "Plan your study abroad in Australia. Find top universities, understand student visa processes, and explore post-study work and permanent residency options.",
    "isActive": true,
    "trashedAt": null,
    "trashedBy": null,
    "trashReason": null,
    "createdAt": "2025-09-27T06:53:20.154Z",
    "updatedAt": "2025-09-27T06:53:20.154Z"
  },
  {
    "id": 13,
    "name": "Study in Belgium",
    "slug": "study-in-belgium",
    "description": "Belgium offers a multicultural and high-quality academic environment. Learn about its renowned universities, diverse programs, and strategic location for exploring Europe.",
    "parentId": 5,
    "focusKeyword": "Study in Belgium",
    "metaTitle": "Study in Belgium - European Universities & Research - Dunya Consultants",
    "metaDescription": "Pursue higher education in Belgium. Explore top European universities, research opportunities, and student visa requirements in the heart of Europe.",
    "isActive": true,
    "trashedAt": null,
    "trashedBy": null,
    "trashReason": null,
    "createdAt": "2025-09-27T06:50:09.378Z",
    "updatedAt": "2025-09-27T06:50:09.378Z"
  },
  {
    "id": 17,
    "name": "Study in Canada",
    "slug": "study-in-canada",
    "description": "Canada offers a welcoming environment and excellent education. Learn about its renowned universities, straightforward visa process, and attractive post-graduation immigration options.",
    "parentId": 5,
    "focusKeyword": "Study in Canada",
    "metaTitle": "Study in Canada - Universities, Visas & Immigration - Dunya Consultants",
    "metaDescription": "Your complete guide to studying in Canada. Explore top Canadian universities, student visa requirements, and pathways to permanent residency after graduation.",
    "isActive": true,
    "trashedAt": null,
    "trashedBy": null,
    "trashReason": null,
    "createdAt": "2025-09-27T06:52:16.137Z",
    "updatedAt": "2025-09-27T06:52:16.137Z"
  },
  {
    "id": 15,
    "name": "Study in Cyprus",
    "slug": "study-in-cyprus",
    "description": "A growing destination for international students, Cyprus offers quality education at competitive prices. Learn about its universities, visa process, and the vibrant culture of the island.",
    "parentId": 5,
    "focusKeyword": "Study in Cyprus",
    "metaTitle": "Study in Cyprus - Affordable Universities & Visas - Dunya Consultants",
    "metaDescription": "Explore affordable study options in Cyprus. Find universities, understand student visa requirements, and enjoy a Mediterranean lifestyle while pursuing your degree.",
    "isActive": true,
    "trashedAt": null,
    "trashedBy": null,
    "trashReason": null,
    "createdAt": "2025-09-27T06:51:16.478Z",
    "updatedAt": "2025-09-27T06:51:16.478Z"
  },
  {
    "id": 16,
    "name": "Study in Finland",
    "slug": "study-in-finland",
    "description": "Experience a unique educational approach in Finland, known for its innovation and quality of life. Our guide covers universities, application processes, and what to expect from student life.",
    "parentId": 5,
    "focusKeyword": "Study in Finland",
    "metaTitle": "Study in Finland - Universities, Costs & Innovation - Dunya Consultants",
    "metaDescription": "Discover high-quality education in Finland. Explore Finnish universities, tuition fees, living costs, and innovative study programs in a safe, beautiful country.",
    "isActive": true,
    "trashedAt": null,
    "trashedBy": null,
    "trashReason": null,
    "createdAt": "2025-09-27T06:51:45.032Z",
    "updatedAt": "2025-09-27T06:51:45.032Z"
  },
  {
    "id": 14,
    "name": "Study in Turkey",
    "slug": "study-in-turkey",
    "description": "Bridge continents with an education in Turkey. Our guide helps you find suitable universities, understand the visa process, and immerse yourself in a country rich in history and opportunity.",
    "parentId": 5,
    "focusKeyword": "Study in Turkey",
    "metaTitle": "Study in Turkey - Diverse Universities & Culture - Dunya Consultants",
    "metaDescription": "Discover diverse study programs in Turkey. Explore Turkish universities, student visa information, and the rich cultural experience of studying in a transcontinental country.",
    "isActive": true,
    "trashedAt": null,
    "trashedBy": null,
    "trashReason": null,
    "createdAt": "2025-09-27T06:50:44.547Z",
    "updatedAt": "2025-09-27T06:50:44.547Z"
  },
  {
    "id": 12,
    "name": "Study in UK",
    "slug": "study-in-uk",
    "description": "Discover why the UK is a world-leading study destination. Our comprehensive guide covers everything from prestigious universities and diverse courses to visa applications and living costs.",
    "parentId": 5,
    "focusKeyword": "Study in UK",
    "metaTitle": "Study in the UK - Universities, Visas & Life - Dunya Consultants",
    "metaDescription": "Explore top UK universities, student visa requirements, and vibrant student life. Get expert guidance for your study abroad journey in the United Kingdom.",
    "isActive": true,
    "trashedAt": null,
    "trashedBy": null,
    "trashReason": null,
    "createdAt": "2025-09-26T11:46:05.440Z",
    "updatedAt": "2025-09-26T11:46:05.440Z"
  },
  {
    "id": 18,
    "name": "Study in the USA",
    "slug": "study-in-the-usa",
    "description": "Unlock unparalleled academic and career opportunities in the United States. We provide essential information on choosing universities, securing funding, and navigating the US student visa.",
    "parentId": 5,
    "focusKeyword": "Study in the USA",
    "metaTitle": "Study in the USA - Top Universities & Scholarships - Dunya Consultants",
    "metaDescription": "Pursue your dreams in the USA. Discover leading American universities, scholarship opportunities, and the F-1 student visa application process with expert support.",
    "isActive": true,
    "trashedAt": null,
    "trashedBy": null,
    "trashReason": null,
    "createdAt": "2025-09-27T06:52:45.627Z",
    "updatedAt": "2025-09-27T06:52:45.627Z"
  },
  {
    "id": 21,
    "name": "TOEFL",
    "slug": "toefl-test-preparation",
    "description": "Get ready for the TOEFL iBT. Our resources cover everything from understanding the test format to improving your skills in reading, listening, speaking, and writing for academic success.",
    "parentId": 7,
    "focusKeyword": "TOEFL",
    "metaTitle": "TOEFL iBT Test Preparation - Ace Your English Exam - Dunya Consultants",
    "metaDescription": "Prepare for the TOEFL iBT with our expert strategies, practice questions, and detailed breakdowns of each section to ensure you meet university requirements.",
    "isActive": true,
    "trashedAt": null,
    "trashedBy": null,
    "trashReason": null,
    "createdAt": "2025-09-27T06:56:23.853Z",
    "updatedAt": "2025-09-27T06:56:23.853Z"
  },
  {
    "id": 7,
    "name": "Test Preparation",
    "slug": "test-preparation",
    "description": "A high score on your English test is the first step to admission. Our expert guides break down the IELTS, TOEFL, Doulingo, PTE and other exams, giving you the tools and confidence you need to succeed.",
    "parentId": null,
    "focusKeyword": "test preparation",
    "metaTitle": "IELTS & TOEFL Test Preparation | Tips & Practice | Dunya Consultants",
    "metaDescription": "Ace your English proficiency tests. Get proven strategies, free practice materials, and expert tips for IELTS, TOEFL, and other exams required for studying abroad.",
    "isActive": true,
    "trashedAt": null,
    "trashedBy": null,
    "trashReason": null,
    "createdAt": "2025-09-26T06:24:17.058Z",
    "updatedAt": "2025-09-26T10:14:39.353Z"
  },
  {
    "id": 6,
    "name": "University & Course Selection",
    "slug": "university-course-selection",
    "description": "Academic preparation guides and tips for international students",
    "parentId": null,
    "focusKeyword": "study guides",
    "metaTitle": "Choose a University & Course - Expert Selection Tips",
    "metaDescription": "Find the right fit for your goals. Learn how to compare university rankings and course modules to choose the best path for your international education.",
    "isActive": true,
    "trashedAt": null,
    "trashedBy": null,
    "trashReason": null,
    "createdAt": "2025-09-26T06:24:17.058Z",
    "updatedAt": "2025-09-26T10:24:18.193Z"
  },
  {
    "id": 10,
    "name": "Visa Services",
    "slug": "visa-services",
    "description": "Navigating the student visa process can be tough, but you don't have to do it alone. Explore our guides on requirements, interviews, and documentation to secure your visa with confidence.",
    "parentId": null,
    "focusKeyword": "visa services",
    "metaTitle": "Student Visa Assistance & Guidance | Expert Support | Dunya Consultants",
    "metaDescription": "Need a student visa? We simplify the complex visa application process for countries like the UK, Canada, Australia, and more. Get expert help and increase your approval chances.",
    "isActive": true,
    "trashedAt": null,
    "trashedBy": null,
    "trashReason": null,
    "createdAt": "2025-09-26T06:24:17.058Z",
    "updatedAt": "2025-09-26T10:13:04.653Z"
  }
]