[
  {
    "id": 10,
    "username": "bwpadmin",
    "password": "[REDACTED]",
    "email": "khalilryk22@gmail.com",
    "roles": [
      "events_manager"
    ],
    "permissions": {
      "canAccessEvents": true,
      "canAccessQRScanner": true,
      "canDownloadRegistrations": true
    },
    "isActive": true,
    "lastLogin": "2025-10-13T10:19:11.370Z",
    "trashedAt": null,
    "trashedBy": null,
    "trashReason": null,
    "createdAt": "2025-10-09T12:01:37.388Z"
  },
  {
    "id": 9,
    "username": "abuzar",
    "password": "[REDACTED]",
    "email": "zarchohan@gmail.com",
    "roles": [
      "editor",
      "leads_manager"
    ],
    "permissions": {
      "canCreate": true,
      "canEdit": true,
      "canPublish": false,
      "canDelete": false,
      "canManageUsers": true,
      "canManageCategories": false,
      "canViewAnalytics": false,
      "canManageMedia": false,
      "canManageLeads": true,
      "canAccessEvents": false
    },
    "isActive": true,
    "lastLogin": "2025-10-13T08:19:38.604Z",
    "trashedAt": null,
    "trashedBy": null,
    "trashReason": null,
    "createdAt": "2025-10-08T10:40:53.299Z"
  },
  {
    "id": 8,
    "username": "test1",
    "password": "[REDACTED]",
    "email": "test1",
    "roles": [
      "editor"
    ],
    "permissions": null,
    "isActive": true,
    "lastLogin": "2025-09-25T07:27:18.789Z",
    "trashedAt": null,
    "trashedBy": null,
    "trashReason": null,
    "createdAt": "2025-09-24T11:56:27.146Z"
  },
  {
    "id": 5,
    "username": "mubashir",
    "password": "[REDACTED]",
    "email": "mubashir2good@gmail.com",
    "roles": [
      "admin"
    ],
    "permissions": null,
    "isActive": true,
    "lastLogin": "2025-09-26T06:42:44.956Z",
    "trashedAt": null,
    "trashedBy": null,
    "trashReason": null,
    "createdAt": "2025-09-24T10:24:16.605Z"
  },
  {
    "id": 1,
    "username": "dunyasgd",
    "password": "[REDACTED]",
    "email": "admin@dunyaconsultants.com",
    "roles": [
      "admin"
    ],
    "permissions": null,
    "isActive": true,
    "lastLogin": "2025-10-13T07:30:17.910Z",
    "trashedAt": null,
    "trashedBy": null,
    "trashReason": null,
    "createdAt": "2025-07-22T11:02:51.055Z"
  }
]