[
  {
    "id": 37,
    "fullName": "Bilal Saleem",
    "name": null,
    "email": "muhammadbilalsaleemmalik@gmail.com",
    "whatsappNumber": "+923454801844",
    "phone": null,
    "city": "KHUSHAB, SARGODHA",
    "dateOfBirth": null,
    "hasLanguageTest": "yes",
    "testType": "duolingo",
    "otherTestName": "",
    "testScore": "100",
    "educationLevel": "bachelors",
    "degreeGrade": "3.01",
    "fieldOfStudy": null,
    "preferredCountry": null,
    "interestedCountries": [
      "United States",
      "Other",
      "Finland"
    ],
    "preferredIntake": null,
    "budget": null,
    "englishTest": null,
    "workExperience": null,
    "additionalInfo": null,
    "message": "italy, Austria, France",
    "documents": null,
    "status": "pending",
    "source": "website",
    "assignedTo": null,
    "audioUrl": null,
    "createdAt": "2025-10-20T18:17:15.712Z"
  },
  {
    "id": 34,
    "fullName": "Ameer Hamza",
    "name": null,
    "email": "shkameerhamza1984@gmail.com",
    "whatsappNumber": "+923401249501",
    "phone": null,
    "city": "Bahawalpur ",
    "dateOfBirth": null,
    "hasLanguageTest": "no",
    "testType": "",
    "otherTestName": "",
    "testScore": "",
    "educationLevel": "bachelors",
    "degreeGrade": "3.22",
    "fieldOfStudy": null,
    "preferredCountry": null,
    "interestedCountries": [
      "Denmark",
      "Other"
    ],
    "preferredIntake": null,
    "budget": null,
    "englishTest": null,
    "workExperience": null,
    "additionalInfo": null,
    "message": "I am interested for applying to masters programs in Denmark and France.",
    "documents": null,
    "status": "pending",
    "source": "website",
    "assignedTo": null,
    "audioUrl": null,
    "createdAt": "2025-10-16T12:39:25.279Z"
  },
  {
    "id": 33,
    "fullName": "Muhammad Nabeel shakeel",
    "name": null,
    "email": "nabeelchoudary33@gmail.com",
    "whatsappNumber": "+9203480188351",
    "phone": null,
    "city": "Sialkot ",
    "dateOfBirth": null,
    "hasLanguageTest": "no",
    "testType": "",
    "otherTestName": "",
    "testScore": "",
    "educationLevel": "bachelors",
    "degreeGrade": "3.4",
    "fieldOfStudy": null,
    "preferredCountry": null,
    "interestedCountries": [
      "Australia"
    ],
    "preferredIntake": null,
    "budget": null,
    "englishTest": null,
    "workExperience": null,
    "additionalInfo": null,
    "message": "",
    "documents": null,
    "status": "pending",
    "source": "website",
    "assignedTo": null,
    "audioUrl": null,
    "createdAt": "2025-10-15T10:14:01.330Z"
  },
  {
    "id": 32,
    "fullName": "Muhammad Asad",
    "name": null,
    "email": "asad6458242@gmail.com",
    "whatsappNumber": "+923466458221",
    "phone": null,
    "city": "Mandi Baha uddin ",
    "dateOfBirth": null,
    "hasLanguageTest": "no",
    "testType": "",
    "otherTestName": "",
    "testScore": "",
    "educationLevel": "phd",
    "degreeGrade": "3.93",
    "fieldOfStudy": null,
    "preferredCountry": null,
    "interestedCountries": [
      "Finland"
    ],
    "preferredIntake": null,
    "budget": null,
    "englishTest": null,
    "workExperience": null,
    "additionalInfo": null,
    "message": "",
    "documents": null,
    "status": "contacted",
    "source": "website",
    "assignedTo": null,
    "audioUrl": null,
    "createdAt": "2025-10-14T15:18:40.246Z"
  },
  {
    "id": 31,
    "fullName": "Hamza Javed",
    "name": null,
    "email": "ihamzajaved00@gmail.com",
    "whatsappNumber": "+923156948786",
    "phone": null,
    "city": "Jeddah",
    "dateOfBirth": null,
    "hasLanguageTest": "no",
    "testType": "",
    "otherTestName": "",
    "testScore": "",
    "educationLevel": "bachelors",
    "degreeGrade": "2.2",
    "fieldOfStudy": null,
    "preferredCountry": null,
    "interestedCountries": [
      "Belgium",
      "Ireland",
      "Germany",
      "Finland",
      "Sweden",
      "Denmark"
    ],
    "preferredIntake": null,
    "budget": null,
    "englishTest": null,
    "workExperience": null,
    "additionalInfo": null,
    "message": "My CGPA in Bachelors is 2.2/4.\nI did Software Engineering from CUST,Islamabad & Graduated in Feb 2025.\nI want to go for MSc Cyber Security in Europe.\nI am in Saudi Arabia & have a valid Iqama as well. \nPlease Let me know where can I get admission in Europe.",
    "documents": null,
    "status": "contacted",
    "source": "website",
    "assignedTo": null,
    "audioUrl": null,
    "createdAt": "2025-10-14T12:55:33.140Z"
  },
  {
    "id": 30,
    "fullName": null,
    "name": "Tajamal Hussain",
    "email": "maliktajamal007@gmail.com",
    "whatsappNumber": null,
    "phone": "+923116939877",
    "city": "Gujrat",
    "dateOfBirth": null,
    "hasLanguageTest": null,
    "testType": null,
    "otherTestName": null,
    "testScore": null,
    "educationLevel": "Not specified",
    "degreeGrade": null,
    "fieldOfStudy": "Not specified",
    "preferredCountry": "Sweden",
    "interestedCountries": null,
    "preferredIntake": null,
    "budget": null,
    "englishTest": null,
    "workExperience": null,
    "additionalInfo": "Language Test: Not taken",
    "message": null,
    "documents": null,
    "status": "contacted",
    "source": "Gujrat Office",
    "assignedTo": null,
    "audioUrl": null,
    "createdAt": "2025-10-13T18:04:49.785Z"
  },
  {
    "id": 22,
    "fullName": null,
    "name": "momin shahzadi",
    "email": "mominshahzadi3@gmail.com",
    "whatsappNumber": null,
    "phone": "03400402588",
    "city": null,
    "dateOfBirth": null,
    "hasLanguageTest": null,
    "testType": null,
    "otherTestName": null,
    "testScore": null,
    "educationLevel": "Not specified",
    "degreeGrade": null,
    "fieldOfStudy": "General inquiry",
    "preferredCountry": "Canada",
    "interestedCountries": null,
    "preferredIntake": null,
    "budget": null,
    "englishTest": null,
    "workExperience": null,
    "additionalInfo": "bs chemistry ky 7 smester main hun to masters k lyay apply krny ka best time konsa h\nbest university or country konsa h masters in chemistry k lyay",
    "message": null,
    "documents": null,
    "status": "pending",
    "source": "website",
    "assignedTo": null,
    "audioUrl": null,
    "createdAt": "2025-09-30T15:51:20.528Z"
  },
  {
    "id": 21,
    "fullName": null,
    "name": "Hassan raza",
    "email": "hraza2955@gmail.com",
    "whatsappNumber": null,
    "phone": "03432184982",
    "city": null,
    "dateOfBirth": null,
    "hasLanguageTest": null,
    "testType": null,
    "otherTestName": null,
    "testScore": null,
    "educationLevel": "Not specified",
    "degreeGrade": null,
    "fieldOfStudy": "General inquiry",
    "preferredCountry": "Australia",
    "interestedCountries": null,
    "preferredIntake": null,
    "budget": null,
    "englishTest": null,
    "workExperience": null,
    "additionalInfo": "I am Hasan Raza from Sialkot, Pakistan. I have completed a 2-year Bachelor (Associate Degree) in Business Administration and Commerce from the University of Management and Technology, Lahore. Now I want to study in Australia at Baxter Institute, Melbourne. The courses I am interested in are Certificate III, Certificate IV, and Diploma in Automotive. I would like to know if my case is possible and how the process can be done through your consultancy.",
    "message": null,
    "documents": null,
    "status": "pending",
    "source": "website",
    "assignedTo": null,
    "audioUrl": null,
    "createdAt": "2025-09-30T00:03:07.928Z"
  },
  {
    "id": 20,
    "fullName": null,
    "name": "TEST",
    "email": "usmanshahid34466@gmail.com",
    "whatsappNumber": null,
    "phone": "3446685588",
    "city": null,
    "dateOfBirth": null,
    "hasLanguageTest": null,
    "testType": null,
    "otherTestName": null,
    "testScore": null,
    "educationLevel": "Not specified",
    "degreeGrade": null,
    "fieldOfStudy": "General inquiry",
    "preferredCountry": "Belgium",
    "interestedCountries": null,
    "preferredIntake": null,
    "budget": null,
    "englishTest": null,
    "workExperience": null,
    "additionalInfo": "jgywertyuiosdfghjxcvbnm",
    "message": null,
    "documents": null,
    "status": "pending",
    "source": "website",
    "assignedTo": null,
    "audioUrl": null,
    "createdAt": "2025-09-29T09:54:23.109Z"
  },
  {
    "id": 19,
    "fullName": null,
    "name": "Usman",
    "email": "usmanshahid34466@gmail.com",
    "whatsappNumber": null,
    "phone": "3446685588",
    "city": null,
    "dateOfBirth": null,
    "hasLanguageTest": null,
    "testType": null,
    "otherTestName": null,
    "testScore": null,
    "educationLevel": "Not specified",
    "degreeGrade": null,
    "fieldOfStudy": "General inquiry",
    "preferredCountry": "United Kingdom",
    "interestedCountries": null,
    "preferredIntake": null,
    "budget": null,
    "englishTest": null,
    "workExperience": null,
    "additionalInfo": "laKVDB EFHX JBSCX EHD CBD DC D",
    "message": null,
    "documents": null,
    "status": "pending",
    "source": "website",
    "assignedTo": null,
    "audioUrl": null,
    "createdAt": "2025-09-29T09:47:53.909Z"
  },
  {
    "id": 18,
    "fullName": null,
    "name": "Usman",
    "email": "usmanshahid34466@gmail.com",
    "whatsappNumber": null,
    "phone": "3446685588",
    "city": null,
    "dateOfBirth": null,
    "hasLanguageTest": null,
    "testType": null,
    "otherTestName": null,
    "testScore": null,
    "educationLevel": "Not specified",
    "degreeGrade": null,
    "fieldOfStudy": "General inquiry",
    "preferredCountry": "United Kingdom",
    "interestedCountries": null,
    "preferredIntake": null,
    "budget": null,
    "englishTest": null,
    "workExperience": null,
    "additionalInfo": "lsdkjfldskmclkdsv",
    "message": null,
    "documents": null,
    "status": "pending",
    "source": "website",
    "assignedTo": null,
    "audioUrl": null,
    "createdAt": "2025-09-29T08:34:12.125Z"
  },
  {
    "id": 16,
    "fullName": null,
    "name": "Rimsha ",
    "email": "rimshaakhter22@gmail.com",
    "whatsappNumber": null,
    "phone": "03170894690",
    "city": null,
    "dateOfBirth": null,
    "hasLanguageTest": null,
    "testType": null,
    "otherTestName": null,
    "testScore": null,
    "educationLevel": "Not specified",
    "degreeGrade": null,
    "fieldOfStudy": "General inquiry",
    "preferredCountry": "United Kingdom",
    "interestedCountries": null,
    "preferredIntake": null,
    "budget": null,
    "englishTest": null,
    "workExperience": null,
    "additionalInfo": "i dont have money  bt i want scholorship for study visa for study",
    "message": null,
    "documents": null,
    "status": "pending",
    "source": "website",
    "assignedTo": null,
    "audioUrl": null,
    "createdAt": "2025-09-25T15:06:43.034Z"
  },
  {
    "id": 14,
    "fullName": null,
    "name": "Saiqa",
    "email": "ashrafshahida74@gmail.com",
    "whatsappNumber": null,
    "phone": "03706278389",
    "city": null,
    "dateOfBirth": null,
    "hasLanguageTest": null,
    "testType": null,
    "otherTestName": null,
    "testScore": null,
    "educationLevel": "Not specified",
    "degreeGrade": null,
    "fieldOfStudy": "General inquiry",
    "preferredCountry": "Finland",
    "interestedCountries": null,
    "preferredIntake": null,
    "budget": null,
    "englishTest": null,
    "workExperience": null,
    "additionalInfo": "Ms in public health",
    "message": null,
    "documents": null,
    "status": "pending",
    "source": "website",
    "assignedTo": null,
    "audioUrl": null,
    "createdAt": "2025-09-23T09:36:53.114Z"
  },
  {
    "id": 13,
    "fullName": null,
    "name": "usman ahmed ",
    "email": "butt74743@gmail.com",
    "whatsappNumber": null,
    "phone": "03094112138",
    "city": null,
    "dateOfBirth": null,
    "hasLanguageTest": null,
    "testType": null,
    "otherTestName": null,
    "testScore": null,
    "educationLevel": "Not specified",
    "degreeGrade": null,
    "fieldOfStudy": "General inquiry",
    "preferredCountry": "Canada",
    "interestedCountries": null,
    "preferredIntake": null,
    "budget": null,
    "englishTest": null,
    "workExperience": null,
    "additionalInfo": "",
    "message": null,
    "documents": null,
    "status": "pending",
    "source": "website",
    "assignedTo": null,
    "audioUrl": null,
    "createdAt": "2025-09-23T09:01:49.249Z"
  },
  {
    "id": 12,
    "fullName": null,
    "name": "Abdullah Aslam",
    "email": "Abdullahaslam12006@gmail.com",
    "whatsappNumber": null,
    "phone": "03436495644",
    "city": null,
    "dateOfBirth": null,
    "hasLanguageTest": null,
    "testType": null,
    "otherTestName": null,
    "testScore": null,
    "educationLevel": "Not specified",
    "degreeGrade": null,
    "fieldOfStudy": "General inquiry",
    "preferredCountry": "United Kingdom",
    "interestedCountries": null,
    "preferredIntake": null,
    "budget": null,
    "englishTest": null,
    "workExperience": null,
    "additionalInfo": "",
    "message": null,
    "documents": null,
    "status": "pending",
    "source": "website",
    "assignedTo": null,
    "audioUrl": null,
    "createdAt": "2025-09-22T15:46:13.744Z"
  },
  {
    "id": 11,
    "fullName": null,
    "name": "TEST USER 2 - Ayesha Khan",
    "email": "ayesha.test@dunyaconsultants.com",
    "whatsappNumber": null,
    "phone": "+92-333-7788990",
    "city": null,
    "dateOfBirth": null,
    "hasLanguageTest": null,
    "testType": null,
    "otherTestName": null,
    "testScore": null,
    "educationLevel": "Not specified",
    "degreeGrade": null,
    "fieldOfStudy": "General inquiry",
    "preferredCountry": "Germany",
    "interestedCountries": null,
    "preferredIntake": null,
    "budget": null,
    "englishTest": null,
    "workExperience": null,
    "additionalInfo": "Second test entry for Google Sheets verification. This proves the consultation form is working perfectly! Time: 9:38 AM PKT.",
    "message": null,
    "documents": null,
    "status": "pending",
    "source": "website",
    "assignedTo": null,
    "audioUrl": null,
    "createdAt": "2025-09-20T09:38:03.677Z"
  },
  {
    "id": 10,
    "fullName": null,
    "name": "TEST SUBMISSION - Ali Hassan",
    "email": "ali.test@dunyaconsultants.com",
    "whatsappNumber": null,
    "phone": "+92-300-1234567",
    "city": null,
    "dateOfBirth": null,
    "hasLanguageTest": null,
    "testType": null,
    "otherTestName": null,
    "testScore": null,
    "educationLevel": "Not specified",
    "degreeGrade": null,
    "fieldOfStudy": "General inquiry",
    "preferredCountry": "Canada",
    "interestedCountries": null,
    "preferredIntake": null,
    "budget": null,
    "englishTest": null,
    "workExperience": null,
    "additionalInfo": "This is test data to verify Google Sheets integration. Submitted at 9:37 AM PKT on September 20, 2025. Please check your Google Sheet for this entry!",
    "message": null,
    "documents": null,
    "status": "pending",
    "source": "website",
    "assignedTo": null,
    "audioUrl": null,
    "createdAt": "2025-09-20T09:37:42.968Z"
  },
  {
    "id": 9,
    "fullName": null,
    "name": "Sara Ali Khan",
    "email": "sara.alikhan@gmail.com",
    "whatsappNumber": null,
    "phone": "+92-344-8888888",
    "city": null,
    "dateOfBirth": null,
    "hasLanguageTest": null,
    "testType": null,
    "otherTestName": null,
    "testScore": null,
    "educationLevel": "Not specified",
    "degreeGrade": null,
    "fieldOfStudy": "General inquiry",
    "preferredCountry": "United Kingdom",
    "interestedCountries": null,
    "preferredIntake": null,
    "budget": null,
    "englishTest": null,
    "workExperience": null,
    "additionalInfo": "I want to pursue PhD in Computer Science from UK universities. I have completed my Masters with distinction and have 2 research publications. Please help me with university selection and funding opportunities.",
    "message": null,
    "documents": null,
    "status": "pending",
    "source": "website",
    "assignedTo": null,
    "audioUrl": null,
    "createdAt": "2025-09-19T17:51:34.034Z"
  },
  {
    "id": 8,
    "fullName": null,
    "name": "Fatima Ahmed",
    "email": "fatima.ahmed@outlook.com",
    "whatsappNumber": null,
    "phone": "+92-333-7777777",
    "city": null,
    "dateOfBirth": null,
    "hasLanguageTest": null,
    "testType": null,
    "otherTestName": null,
    "testScore": null,
    "educationLevel": "Not specified",
    "degreeGrade": null,
    "fieldOfStudy": "General inquiry",
    "preferredCountry": "Canada",
    "interestedCountries": null,
    "preferredIntake": null,
    "budget": null,
    "englishTest": null,
    "workExperience": null,
    "additionalInfo": "I want to study Masters in Business Administration (MBA) in Canada. I have 4 years work experience in banking sector and IELTS score of 7.5. Please guide me about the best universities and scholarship opportunities.",
    "message": null,
    "documents": null,
    "status": "pending",
    "source": "website",
    "assignedTo": null,
    "audioUrl": null,
    "createdAt": "2025-09-19T17:51:08.061Z"
  },
  {
    "id": 7,
    "fullName": null,
    "name": "DIRECT TO YOUR SHEET",
    "email": "direct@yoursheet.com",
    "whatsappNumber": null,
    "phone": "+92-311-9999999",
    "city": null,
    "dateOfBirth": null,
    "hasLanguageTest": null,
    "testType": null,
    "otherTestName": null,
    "testScore": null,
    "educationLevel": "Not specified",
    "degreeGrade": null,
    "fieldOfStudy": "General inquiry",
    "preferredCountry": "Australia",
    "interestedCountries": null,
    "preferredIntake": null,
    "budget": null,
    "englishTest": null,
    "workExperience": null,
    "additionalInfo": "This should go DIRECTLY into your Google Sheet automatically! No manual export needed.",
    "message": null,
    "documents": null,
    "status": "pending",
    "source": "website",
    "assignedTo": null,
    "audioUrl": null,
    "createdAt": "2025-09-19T17:50:18.799Z"
  },
  {
    "id": 6,
    "fullName": null,
    "name": "Direct Sheet Test",
    "email": "directsheet@test.com",
    "whatsappNumber": null,
    "phone": "+92-300-1111111",
    "city": null,
    "dateOfBirth": null,
    "hasLanguageTest": null,
    "testType": null,
    "otherTestName": null,
    "testScore": null,
    "educationLevel": "Not specified",
    "degreeGrade": null,
    "fieldOfStudy": "General inquiry",
    "preferredCountry": "Canada",
    "interestedCountries": null,
    "preferredIntake": null,
    "budget": null,
    "englishTest": null,
    "workExperience": null,
    "additionalInfo": "Testing the fixed Google Sheets integration - this should go directly to your spreadsheet!",
    "message": null,
    "documents": null,
    "status": "pending",
    "source": "website",
    "assignedTo": null,
    "audioUrl": null,
    "createdAt": "2025-09-19T17:49:46.660Z"
  },
  {
    "id": 5,
    "fullName": null,
    "name": "Ahmed Hassan Khan",
    "email": "ahmed.hassan@gmail.com",
    "whatsappNumber": null,
    "phone": "+92-321-5678901",
    "city": null,
    "dateOfBirth": null,
    "hasLanguageTest": null,
    "testType": null,
    "otherTestName": null,
    "testScore": null,
    "educationLevel": "Not specified",
    "degreeGrade": null,
    "fieldOfStudy": "General inquiry",
    "preferredCountry": "United Kingdom",
    "interestedCountries": null,
    "preferredIntake": null,
    "budget": null,
    "englishTest": null,
    "workExperience": null,
    "additionalInfo": "I am interested in applying for a Masters in Computer Science program in UK universities. I have completed my Bachelors in Software Engineering with 3.2 CGPA. I need guidance on IELTS preparation, university selection, and visa process. My budget is around 25-30 lakh PKR. Please advise on the best pathway forward.",
    "message": null,
    "documents": null,
    "status": "pending",
    "source": "website",
    "assignedTo": null,
    "audioUrl": null,
    "createdAt": "2025-09-19T17:47:20.826Z"
  },
  {
    "id": 4,
    "fullName": null,
    "name": "Direct to Google Sheets",
    "email": "directtest@dunyaconsultants.com",
    "whatsappNumber": null,
    "phone": "+92-399-4444444",
    "city": null,
    "dateOfBirth": null,
    "hasLanguageTest": null,
    "testType": null,
    "otherTestName": null,
    "testScore": null,
    "educationLevel": "Not specified",
    "degreeGrade": null,
    "fieldOfStudy": "General inquiry",
    "preferredCountry": "United States",
    "interestedCountries": null,
    "preferredIntake": null,
    "budget": null,
    "englishTest": null,
    "workExperience": null,
    "additionalInfo": "Testing direct Google Sheets integration - this should appear in your spreadsheet immediately!",
    "message": null,
    "documents": null,
    "status": "pending",
    "source": "website",
    "assignedTo": null,
    "audioUrl": null,
    "createdAt": "2025-09-19T17:43:10.665Z"
  },
  {
    "id": 3,
    "fullName": null,
    "name": "Google Sheets Test",
    "email": "sheetstest@dunyaconsultants.com",
    "whatsappNumber": null,
    "phone": "+92-388-3333333",
    "city": null,
    "dateOfBirth": null,
    "hasLanguageTest": null,
    "testType": null,
    "otherTestName": null,
    "testScore": null,
    "educationLevel": "Not specified",
    "degreeGrade": null,
    "fieldOfStudy": "General inquiry",
    "preferredCountry": "Australia",
    "interestedCountries": null,
    "preferredIntake": null,
    "budget": null,
    "englishTest": null,
    "workExperience": null,
    "additionalInfo": "Testing direct integration with your Google Sheet! This should appear in your spreadsheet now.",
    "message": null,
    "documents": null,
    "status": "pending",
    "source": "website",
    "assignedTo": null,
    "audioUrl": null,
    "createdAt": "2025-09-19T17:42:41.666Z"
  },
  {
    "id": 2,
    "fullName": null,
    "name": "FINAL TEST",
    "email": "finaltest@dunyaconsultants.com",
    "whatsappNumber": null,
    "phone": "+92-377-2222222",
    "city": null,
    "dateOfBirth": null,
    "hasLanguageTest": null,
    "testType": null,
    "otherTestName": null,
    "testScore": null,
    "educationLevel": "Not specified",
    "degreeGrade": null,
    "fieldOfStudy": "General inquiry",
    "preferredCountry": "Germany",
    "interestedCountries": null,
    "preferredIntake": null,
    "budget": null,
    "englishTest": null,
    "workExperience": null,
    "additionalInfo": "This is the final test - everything is working perfectly now!",
    "message": null,
    "documents": null,
    "status": "pending",
    "source": "website",
    "assignedTo": null,
    "audioUrl": null,
    "createdAt": "2025-09-19T17:37:23.810Z"
  },
  {
    "id": 1,
    "fullName": null,
    "name": "Test Database Storage",
    "email": "database@dunyaconsultants.com",
    "whatsappNumber": null,
    "phone": "+92-366-1111111",
    "city": null,
    "dateOfBirth": null,
    "hasLanguageTest": null,
    "testType": null,
    "otherTestName": null,
    "testScore": null,
    "educationLevel": "Not specified",
    "degreeGrade": null,
    "fieldOfStudy": "General inquiry",
    "preferredCountry": "Canada",
    "interestedCountries": null,
    "preferredIntake": null,
    "budget": null,
    "englishTest": null,
    "workExperience": null,
    "additionalInfo": "Testing the new database storage system for consultation forms!",
    "message": null,
    "documents": null,
    "status": "pending",
    "source": "website",
    "assignedTo": null,
    "audioUrl": null,
    "createdAt": "2025-09-19T17:37:00.960Z"
  }
]