[
  {
    "id": 53,
    "filename": "12_1753704363741-BYSAHqKT_1760679403225_8a71acfc04f487b2.webp",
    "originalName": "12_1753704363741-BYSAHqKT.webp",
    "url": "/api/uploads/12_1753704363741-BYSAHqKT_1760679403225_8a71acfc04f487b2.webp",
    "alt": null,
    "width": null,
    "height": null,
    "mimeType": "image/webp",
    "size": 9456,
    "uploadedBy": 1,
    "trashedAt": null,
    "trashedBy": null,
    "trashReason": null,
    "createdAt": "2025-10-17T05:36:43.260Z"
  },
  {
    "id": 52,
    "filename": "15_1753704363733-B7kKHznI_1760679384073_16f88c4a564e5c80.webp",
    "originalName": "15_1753704363733-B7kKHznI.webp",
    "url": "/api/uploads/15_1753704363733-B7kKHznI_1760679384073_16f88c4a564e5c80.webp",
    "alt": null,
    "width": null,
    "height": null,
    "mimeType": "image/webp",
    "size": 35660,
    "uploadedBy": 1,
    "trashedAt": null,
    "trashedBy": null,
    "trashReason": null,
    "createdAt": "2025-10-17T05:36:24.111Z"
  },
  {
    "id": 51,
    "filename": "15_1753704363733-B7kKHznI_1760616119263_af8efdb870b88628.webp",
    "originalName": "15_1753704363733-B7kKHznI.webp",
    "url": "/api/uploads/15_1753704363733-B7kKHznI_1760616119263_af8efdb870b88628.webp",
    "alt": null,
    "width": null,
    "height": null,
    "mimeType": "image/webp",
    "size": 35660,
    "uploadedBy": 1,
    "trashedAt": null,
    "trashedBy": null,
    "trashReason": null,
    "createdAt": "2025-10-16T12:01:59.283Z"
  },
  {
    "id": 50,
    "filename": "12_1753704363741-BYSAHqKT_1760616020058_4a9609f4125304f7.webp",
    "originalName": "12_1753704363741-BYSAHqKT.webp",
    "url": "/api/uploads/12_1753704363741-BYSAHqKT_1760616020058_4a9609f4125304f7.webp",
    "alt": null,
    "width": null,
    "height": null,
    "mimeType": "image/webp",
    "size": 9456,
    "uploadedBy": 1,
    "trashedAt": null,
    "trashedBy": null,
    "trashReason": null,
    "createdAt": "2025-10-16T12:00:20.080Z"
  },
  {
    "id": 41,
    "filename": "Frame_3_1760426657235_a7cb91268a10c662.webp",
    "originalName": "Frame 3.webp",
    "url": "/api/uploads/Frame_3_1760426657235_a7cb91268a10c662.webp",
    "alt": null,
    "width": null,
    "height": null,
    "mimeType": "image/webp",
    "size": 179240,
    "uploadedBy": 1,
    "trashedAt": null,
    "trashedBy": null,
    "trashReason": null,
    "createdAt": "2025-10-14T07:24:17.652Z"
  },
  {
    "id": 40,
    "filename": "Frame_2_1760426636391_721cba0d279a46df.webp",
    "originalName": "Frame 2.webp",
    "url": "/api/uploads/Frame_2_1760426636391_721cba0d279a46df.webp",
    "alt": null,
    "width": null,
    "height": null,
    "mimeType": "image/webp",
    "size": 222210,
    "uploadedBy": 1,
    "trashedAt": null,
    "trashedBy": null,
    "trashReason": null,
    "createdAt": "2025-10-14T07:24:01.211Z"
  },
  {
    "id": 38,
    "filename": "how-to-apply-in-immiaccount_1760007546941_42550db31b97fe65.webp",
    "originalName": "how-to-apply-in-immiaccount.webp",
    "url": "/api/uploads/how-to-apply-in-immiaccount_1760007546941_42550db31b97fe65.webp",
    "alt": null,
    "width": null,
    "height": null,
    "mimeType": "image/webp",
    "size": 232574,
    "uploadedBy": 1,
    "trashedAt": null,
    "trashedBy": null,
    "trashReason": null,
    "createdAt": "2025-10-09T10:59:09.430Z"
  },
  {
    "id": 37,
    "filename": "open_day_bahawalpur_banner_1760003925713_320036579b2f91de.webp",
    "originalName": "open day bahawalpur banner.webp",
    "url": "/api/uploads/open_day_bahawalpur_banner_1760003925713_320036579b2f91de.webp",
    "alt": null,
    "width": null,
    "height": null,
    "mimeType": "image/webp",
    "size": 193156,
    "uploadedBy": 1,
    "trashedAt": null,
    "trashedBy": null,
    "trashReason": null,
    "createdAt": "2025-10-09T09:58:45.748Z"
  },
  {
    "id": 31,
    "filename": "Banner_1_1759904981636_06edf08391b276e0.jpg",
    "originalName": "Banner 1.jpg",
    "url": "/api/uploads/Banner_1_1759904981636_06edf08391b276e0.jpg",
    "alt": null,
    "width": null,
    "height": null,
    "mimeType": "image/jpeg",
    "size": 920656,
    "uploadedBy": 1,
    "trashedAt": null,
    "trashedBy": null,
    "trashReason": null,
    "createdAt": "2025-10-08T06:29:42.721Z"
  },
  {
    "id": 26,
    "filename": "usa-student-visa-consultants-in-pakistan-ds-160-se_1758180722922_53b3f0d7240cb5bd.webp",
    "originalName": "usa-student-visa-consultants-in-pakistan-ds-160-se.webp",
    "url": "/api/uploads/usa-student-visa-consultants-in-pakistan-ds-160-se_1758180722922_53b3f0d7240cb5bd.webp",
    "alt": null,
    "width": null,
    "height": null,
    "mimeType": "image/webp",
    "size": 168456,
    "uploadedBy": 1,
    "trashedAt": null,
    "trashedBy": null,
    "trashReason": null,
    "createdAt": "2025-09-29T12:14:14.367Z"
  },
  {
    "id": 25,
    "filename": "usa-student-visa-consultants-in-pakistan-ds-160-se_17581807229.webp",
    "originalName": "usa-student-visa-consultants-in-pakistan-ds-160-se_17581807229.webp",
    "url": "/api/uploads/usa-student-visa-consultants-in-pakistan-ds-160-se_17581807229.webp",
    "alt": null,
    "width": null,
    "height": null,
    "mimeType": "image/webp",
    "size": 168456,
    "uploadedBy": 1,
    "trashedAt": null,
    "trashedBy": null,
    "trashReason": null,
    "createdAt": "2025-09-29T12:14:14.220Z"
  },
  {
    "id": 24,
    "filename": "uk-student-visa-success-rate-for-pakistani-student_1758609000206_a07929287d1dc033.webp",
    "originalName": "uk-student-visa-success-rate-for-pakistani-student.webp",
    "url": "/api/uploads/uk-student-visa-success-rate-for-pakistani-student_1758609000206_a07929287d1dc033.webp",
    "alt": null,
    "width": null,
    "height": null,
    "mimeType": "image/webp",
    "size": 151876,
    "uploadedBy": 1,
    "trashedAt": null,
    "trashedBy": null,
    "trashReason": null,
    "createdAt": "2025-09-29T12:14:14.065Z"
  },
  {
    "id": 23,
    "filename": "study-abroad-with-work-opportunities-uk-canada-aus_1758611943189_e586e2d4b13e859a.webp",
    "originalName": "study-abroad-with-work-opportunities-uk-canada-aus.webp",
    "url": "/api/uploads/study-abroad-with-work-opportunities-uk-canada-aus_1758611943189_e586e2d4b13e859a.webp",
    "alt": null,
    "width": null,
    "height": null,
    "mimeType": "image/webp",
    "size": 110220,
    "uploadedBy": 1,
    "trashedAt": null,
    "trashedBy": null,
    "trashReason": null,
    "createdAt": "2025-09-29T12:14:13.917Z"
  },
  {
    "id": 22,
    "filename": "study-abroad-consultants-in-sargodha-dunya-consult_1758293457831_f420f705137dbcb2.webp",
    "originalName": "study-abroad-consultants-in-sargodha-dunya-consult.webp",
    "url": "/api/uploads/study-abroad-consultants-in-sargodha-dunya-consult_1758293457831_f420f705137dbcb2.webp",
    "alt": null,
    "width": null,
    "height": null,
    "mimeType": "image/webp",
    "size": 125354,
    "uploadedBy": 1,
    "trashedAt": null,
    "trashedBy": null,
    "trashReason": null,
    "createdAt": "2025-09-29T12:14:13.770Z"
  },
  {
    "id": 21,
    "filename": "student-visa-refusal-reasons-in-pakistan-and-how-t_1758890608226_d6e8f6ffdd305c45.webp",
    "originalName": "student-visa-refusal-reasons-in-pakistan-and-how-t.webp",
    "url": "/api/uploads/student-visa-refusal-reasons-in-pakistan-and-how-t_1758890608226_d6e8f6ffdd305c45.webp",
    "alt": null,
    "width": null,
    "height": null,
    "mimeType": "image/webp",
    "size": 126822,
    "uploadedBy": 1,
    "trashedAt": null,
    "trashedBy": null,
    "trashReason": null,
    "createdAt": "2025-09-29T12:14:13.619Z"
  },
  {
    "id": 20,
    "filename": "student-visa-consultants-in-islamabad-dunya-consul_1758542932202_f20b6568b3914cb9.webp",
    "originalName": "student-visa-consultants-in-islamabad-dunya-consul.webp",
    "url": "/api/uploads/student-visa-consultants-in-islamabad-dunya-consul_1758542932202_f20b6568b3914cb9.webp",
    "alt": null,
    "width": null,
    "height": null,
    "mimeType": "image/webp",
    "size": 135512,
    "uploadedBy": 1,
    "trashedAt": null,
    "trashedBy": null,
    "trashReason": null,
    "createdAt": "2025-09-29T12:14:13.471Z"
  },
  {
    "id": 19,
    "filename": "sop-for-study-abroad-templates-and-examples-for-pa_1758352080358_8ae96329ea5dabfb.webp",
    "originalName": "sop-for-study-abroad-templates-and-examples-for-pa.webp",
    "url": "/api/uploads/sop-for-study-abroad-templates-and-examples-for-pa_1758352080358_8ae96329ea5dabfb.webp",
    "alt": null,
    "width": null,
    "height": null,
    "mimeType": "image/webp",
    "size": 36470,
    "uploadedBy": 1,
    "trashedAt": null,
    "trashedBy": null,
    "trashReason": null,
    "createdAt": "2025-09-29T12:14:13.248Z"
  },
  {
    "id": 17,
    "filename": "how-to-choose-a-study-abroad-consultant-in-pakista_1758789878112_e9c4733a90c1d191.webp",
    "originalName": "how-to-choose-a-study-abroad-consultant-in-pakista.webp",
    "url": "/api/uploads/how-to-choose-a-study-abroad-consultant-in-pakista_1758789878112_e9c4733a90c1d191.webp",
    "alt": null,
    "width": null,
    "height": null,
    "mimeType": "image/webp",
    "size": 111734,
    "uploadedBy": 1,
    "trashedAt": null,
    "trashedBy": null,
    "trashReason": null,
    "createdAt": "2025-09-29T12:14:12.942Z"
  },
  {
    "id": 15,
    "filename": "gre-test-fee-in-pakistan_1758608920426_c6724099f6066f7e.webp",
    "originalName": "gre-test-fee-in-pakistan.webp",
    "url": "/api/uploads/gre-test-fee-in-pakistan_1758608920426_c6724099f6066f7e.webp",
    "alt": null,
    "width": null,
    "height": null,
    "mimeType": "image/webp",
    "size": 93290,
    "uploadedBy": 1,
    "trashedAt": null,
    "trashedBy": null,
    "trashReason": null,
    "createdAt": "2025-09-29T12:14:12.641Z"
  },
  {
    "id": 14,
    "filename": "germany-study-visa-from-pakistan-public-universiti_1758113949217_e1e24b14e14d7164.webp",
    "originalName": "germany-study-visa-from-pakistan-public-universiti.webp",
    "url": "/api/uploads/germany-study-visa-from-pakistan-public-universiti_1758113949217_e1e24b14e14d7164.webp",
    "alt": null,
    "width": null,
    "height": null,
    "mimeType": "image/webp",
    "size": 129182,
    "uploadedBy": 1,
    "trashedAt": null,
    "trashedBy": null,
    "trashReason": null,
    "createdAt": "2025-09-29T12:14:12.491Z"
  },
  {
    "id": 13,
    "filename": "germany-study-visa-from-pakistan-public-universiti_17581139492.webp",
    "originalName": "germany-study-visa-from-pakistan-public-universiti_17581139492.webp",
    "url": "/api/uploads/germany-study-visa-from-pakistan-public-universiti_17581139492.webp",
    "alt": null,
    "width": null,
    "height": null,
    "mimeType": "image/webp",
    "size": 129182,
    "uploadedBy": 1,
    "trashedAt": null,
    "trashedBy": null,
    "trashReason": null,
    "createdAt": "2025-09-29T12:14:12.334Z"
  },
  {
    "id": 12,
    "filename": "canada-student-visa-consultants-in-pakistan-intake_1758027046079_2b1316818da39ade.webp",
    "originalName": "canada-student-visa-consultants-in-pakistan-intake.webp",
    "url": "/api/uploads/canada-student-visa-consultants-in-pakistan-intake_1758027046079_2b1316818da39ade.webp",
    "alt": null,
    "width": null,
    "height": null,
    "mimeType": "image/webp",
    "size": 117836,
    "uploadedBy": 1,
    "trashedAt": null,
    "trashedBy": null,
    "trashReason": null,
    "createdAt": "2025-09-29T12:14:12.179Z"
  },
  {
    "id": 10,
    "filename": "best-study-abroad-countries-for-international-stud_1758883380111_8e5e726d234e753c.webp",
    "originalName": "best-study-abroad-countries-for-international-stud.webp",
    "url": "/api/uploads/best-study-abroad-countries-for-international-stud_1758883380111_8e5e726d234e753c.webp",
    "alt": null,
    "width": null,
    "height": null,
    "mimeType": "image/webp",
    "size": 202582,
    "uploadedBy": 1,
    "trashedAt": null,
    "trashedBy": null,
    "trashReason": null,
    "createdAt": "2025-09-29T12:14:11.795Z"
  },
  {
    "id": 9,
    "filename": "australia-student-visa-requirements-for-pakistanis_1758103834873_93c85ddc6d35306a.webp",
    "originalName": "australia-student-visa-requirements-for-pakistanis.webp",
    "url": "/api/uploads/australia-student-visa-requirements-for-pakistanis_1758103834873_93c85ddc6d35306a.webp",
    "alt": null,
    "width": null,
    "height": null,
    "mimeType": "image/webp",
    "size": 198508,
    "uploadedBy": 1,
    "trashedAt": null,
    "trashedBy": null,
    "trashReason": null,
    "createdAt": "2025-09-29T12:14:11.646Z"
  },
  {
    "id": 4,
    "filename": "a-complete-guide-to-turkiye-burslari-scholarship_1758609128866_388bb28f38fb5a70.webp",
    "originalName": "a-complete-guide-to-turkiye-burslari-scholarship.webp",
    "url": "/api/uploads/a-complete-guide-to-turkiye-burslari-scholarship_1758609128866_388bb28f38fb5a70.webp",
    "alt": null,
    "width": null,
    "height": null,
    "mimeType": "image/webp",
    "size": 129928,
    "uploadedBy": 1,
    "trashedAt": null,
    "trashedBy": null,
    "trashReason": null,
    "createdAt": "2025-09-29T12:14:10.862Z"
  }
]